Id,Deck,Name,Text,Version
40101,兰尼斯特基础卡组,阴谋与诡计,"**当1个敌方NCU激活时：**
该NCU失去所有的能力直至回合结束。
如果你控制 [MONEY] ，标记1个敌方战斗单位。该敌方获得**力竭**。",2021
40102,兰尼斯特基础卡组,兰尼斯特有债必还,"**任意轮次开始时：**
标记1个友方战斗单位并附加本卡至该单位处直至游戏结束。当1个友方步兵或骑兵单位被摧毁时，在本卡上放置1枚号令标记。
本卡拥有标记期间，被附加单位的近战攻击获得**凶残**，且你控制 [CROWN] 期间，攻击骰投掷结果+1。",2021
40103,兰尼斯特基础卡组,听我怒吼！,"**当1个敌方执行1次士气检测，在投骰前：**
该敌方的士气骰投掷结果-1，且每被摧毁1排则额外-1。如果失败，该敌方遭受1点伤害*（或在恐慌检测失败时+1点伤害）*。",2021
40104,兰尼斯特基础卡组,贿赂,"**当1个友方NCU宣称1个区域时：**
替换该区域的效果为：
*标记1个敌方战斗单位并附加贿赂卡至其直至其通过士气检测，或成为 [MONEY] 的目标。*
附加期间，本单位攻击使用最低攻击骰数且士气检测投掷结果-1。",2021-S03
40105,兰尼斯特基础卡组,将计就计,"**当1个对手打出1张战术卡，在该卡结算前：**
投掷1颗骰子：结果为3+时，取消该战术卡的效果。
如果你控制 [CROWN] 或 [MONEY] ，则改为结果为2+时，取消该战术卡的效果。
如果你同时控制2个，本次投掷视为自动成功。",2021-S03
40106,兰尼斯特基础卡组,忠于王冠,"**当1个敌方在1次恐慌检测中失败时：**
标记1个位于该敌方长距离范围内的友方单位。
本次检测中该敌方每遭受1点伤害，则该友方单位恢复1点伤害，至多3点。
如果你控制 [CROWN] ，该敌方单位遭受+1点伤害且友方单位恢复+1点伤害。*(最大数为4点)*。",2021-S03
40107,兰尼斯特基础卡组,武力征服,"**当1个敌方战斗单位激活时：**
该敌方执行1次恐慌检测。每控制1个 [CROWN] 或 [MONEY] 区域，该敌方的投掷结果-1。
如果失败，该敌方无法成为友方战术卡的目标且失去所有的能力直至本轮次结结束。",2021-S03
40108,"詹姆·兰尼斯特, 弑君者",弑君者的名声,"**当1个位于詹姆·兰尼斯特所在单位长距离范围内的友方单位执行1次士气检测，在投骰后：**
本单位自动通过本次检测。
如果是詹姆所在的单位，恢复2点伤害。/
**任意轮次开始时：**
抓取1张战术卡。",2021-S03
40109,"詹姆·兰尼斯特, 弑君者",弑君者的勇武,"**当詹姆·兰尼斯特所在的单位执行1次近战攻击，在投掷攻击骰前：**
本次攻击投掷最高攻击骰数，可以重投任意未命中，且防御者获得**脆弱**。/
**任意轮次开始时：**
抓取1张战术卡。",2021
40110,"詹姆·兰尼斯特, 弑君者",弑君者的恶名,"**当1个位于詹姆·兰尼斯特所在单位长距离范围内的敌方激活时：**
该敌方获得**恐慌**且遭受1次恐慌检测。
如果失败，该敌方获得**力竭**。/
**任意轮次开始时：**
抓取1张战术卡。",2021-S03
40111,"格雷果·克里冈, 魔山",蹂躏,"**当1个友方单位高歌猛进时：**
替代高歌猛进，该单位执行1次冲锋或行军行动。
如果目标单位为克里冈家族单位，该单位可以重投任意冲锋距离骰。",S04
40112,"格雷果·克里冈, 魔山",突击号令,"**当1个友方NCU宣称1个区域时：**
替换该区域的效果为：
*1个友方战斗单位执行1次近战攻击行动。*
*如果本次目标为克里冈家族单位，该战斗单位可以改为执行1次冲锋行动。*",2021
40113,"格雷果·克里冈, 魔山",失败的代价,"**当1个友方单位执行1次近战攻击，在攻击骰投掷前：**
本次攻击中所有的攻击骰结果自动命中。
在本次攻击完成后，如果防御者未被摧毁，攻击者获得**恐慌**和**脆弱**。",2021-S03
40114,"泰温·兰尼斯特, 凯岩城公爵",趁虚而入,"**当1个友方单位执行1次攻击，在攻击骰投掷前：**
防御者获得**脆弱**。
如果防御者已有**力竭**，攻击者可以重投任意攻击骰。",2021-S03
40115,"泰温·兰尼斯特, 凯岩城公爵",破碎的意志,"**当1个敌方战斗单位士气检测失败时：**
该敌方获得**力竭**。
附加本卡至该敌方单位处直至其通过士气检测。
本卡附加期间，每当该单位激活时，该单位获得**力竭**。",2021-S03
40116,"泰温·兰尼斯特, 凯岩城公爵",发布命令,"**当你的指挥官所在的单位激活时：**
在本轮次中该单位无法执行行动。作为替代，标记长距离范围内的另1个友方单位执行1次攻击或冲锋行动。/
**任意轮次开始时：**
标记1个友方战斗单位。从该单位处移除1枚号令标记。在本回合中，该单位可以再次使用该号令。",2021
40117,"提利昂·兰尼斯特, 半人",虚假议程,"**当1个敌方NCU激活时：**
如果该NCU在轮次中宣称1个区域，在该区域效果结算后，你可以移动该NCU至任意未被宣称的区域。
如果你从 [LETTER] 处移除该NCU，标记1个敌方战斗单位为目标。该单位获得1枚状态标记。",2021
40118,"提利昂·兰尼斯特, 半人",狡猾的计谋,"**当1个友方战斗单位激活时：**
在本轮次中该单位无法执行行动。作为替代，标记另1个友方战斗单位使其执行1次布阵、行军或撤退行动。
如果两个单位之一为提利昂所在的单位，在执行本行动前，1个位于提利昂所在单位长距离范围内的敌方单位获得**脆弱**。",2021-S03
40119,"提利昂·兰尼斯特, 半人",号令拦截,"**当对手标记1个单位为战术区域的目标：**
投掷1颗骰子。结果为3+时，你的对手必须选择另1个单位成为该区域的目标*(如果可以)*。
如果你控制 [LETTER] ，你可以重投这颗骰子。
如果新标记的单位位于提利昂所在单位的长距离范围内，该单位获得1枚状态标记。",2021-S03
40120,"大麻雀, 至圣者",圣母的怜悯,"**当1个友方战斗单位激活时：**
该单位执行1次士气检测。
如果成功，该单位恢复2点伤害，每被摧毁1排则恢复+1点伤害。
如果失败，该单位恢复1点伤害。",2021
40121,"大麻雀, 至圣者",天父的庇佑,"**当1个敌方执行1次近战攻击，在投掷防御骰后：**
防御者执行1次士气检测。如果成功，该单位可以重投任意防御骰。如果失败，该单位格挡+1点命中。",2021
40122,"大麻雀, 至圣者",战士的愤怒,"**当1个友方单位执行1次近战攻击，在投掷攻击骰前：**
该单位执行1次士气检测。如果成功，本次攻击获得攻击骰投掷结果+1和**破甲**。如果失败，本次攻击造成的命中+1。",2021
40123,"乔佛里·拜拉席恩, 乔佛里一世",你将服从我！,"**当1个友方单位执行1次近战攻击，在攻击骰投掷前：**
本次攻击骰数量+2且获得**破甲**。
如果本次攻击未能摧毁防御者1排，攻击者获得**恐慌**和**脆弱**。",2021-S03
40124,"乔佛里·拜拉席恩, 乔佛里一世",叛徒！我要砍下他的头！,"**友方轮次开始时：**
标记1个敌方战斗单位且附加本卡至该单位。
附加期间，友方单位对该敌方执行近战攻击获得**凶残**。
在回合结束时，如果该敌方未被摧毁，从该敌方处移除本卡，且在本回合中，每个攻击过该敌方的单位获得**恐慌**和**脆弱**。",2021-S03
40125,"乔佛里·拜拉席恩, 乔佛里一世",我是国王！,"**当1个敌方执行1次近战攻击，在投掷防御骰后：**
标记防御者。该单位格挡+2点命中。在本次攻击完成后，防御者获得**恐慌**和**力竭**。",2021
40126,"亚当·马尔布兰, 都城守备队队长",超凡领导力,"**当1个友方单位成为敌方号令、NCU能力或战术区域的目标，在该效果结算前：**
该单位执行1次士气检测。如果成功，取消该号令、NCU能力或战术区域的效果。
如果该单位位于亚当·马尔布兰所在单位的短距离范围内，该单位的士气检测投掷结果+2。",2021
40127,"亚当·马尔布兰, 都城守备队队长",痛斥狠打,"**在1个敌方完成1次近战攻击后：**
如果防御者未被摧毁，防御者每有1排被摧毁则攻击者遭受2点伤害。如果防御者为亚当·马尔布兰所在的单位，攻击者获得**恐慌**。",2021
40128,"亚当·马尔布兰, 都城守备队队长",果断大胆的榜样,"**在亚当·马尔布兰所在的单位通过1次士气检测后：**
所有位于长距离范围内的其他友方单位恢复1点伤害，亚当·马尔布兰所在的单位每被摧毁1排则恢复+1点伤害。
然后，亚当·马尔布兰所在的单位恢复2点伤害。/
**任意轮次开始时：**
抓取1张战术卡。",2021
40129,"凯冯·兰尼斯特, 全境守护者",预料之中,"**在1个回合中的首个敌方轮次开始时：**
标记1个敌方战斗单位和1个敌方NCU。如果本轮次中两者任一执行行动，在该行动结算前，1个友方战斗单位执行1次攻击、布阵或撤退行动。",S04
40130,"凯冯·兰尼斯特, 全境守护者",了然于胸,"**在1个敌方战斗单位完成1次行动后：**
该敌方获得**脆弱**和**恐慌**。
附加本卡至该敌方单位直至本回合结束。附加期间，凯冯·兰尼斯特所在的单位攻击该敌方时，该敌方失去所有的能力且无法成为其友方战术卡的目标。",2021
40131,"凯冯·兰尼斯特, 全境守护者",富裕的凯岩城,"**当1个敌方执行1次攻击，在投掷攻击骰后：**
标记防御者。
如果你控制 [CROWN] ，防御者恐慌检测投掷结果+2。
如果你控制 [MONEY] ，防御者防御骰投掷结果+1。
如果本次目标为凯冯·兰尼斯特所在的单位，你视为正控制着这两个区域。",2021
40201,史塔克基础卡组,凛冬的威力,"**当1个友方单位执行1次近战攻击，在投掷攻击骰前：**
本次攻击获得**破甲**。
如果本单位仅有1排，可以重投任意攻击骰。
如果你控制 [SWORDS] ，本次攻击投掷最高攻击骰数。",2021-S01
40202,史塔克基础卡组,北境的凶猛,"**当1个友方单位执行1次近战攻击，在投掷攻击骰前：**
本次攻击获得**凶残**。
如果本单位仅有1排，且防御者在恐慌检测中失败，防御者遭受+2点伤害。如果你控制 [SWORDS] ，防御者获得**恐慌**。",2021-S01
40203,史塔克基础卡组,毁灭性冲击,"**当1个友方单位执行1次冲锋行动，在投掷冲锋距离骰后：**
被本单位成功冲锋的敌方获得**恐慌**和**脆弱**。
如果你控制 [HORSE] ，本单位可以重投任意冲锋距离骰。",2021-S03
40204,史塔克基础卡组,北境永不遗忘,"**任意轮次开始时：**
标记1个友方战斗单位并附加本卡至该单位处直至游戏结束。当1个友方步兵或骑兵单位被摧毁时，在本卡上放置1枚号令标记。
本卡拥有标记期间，被附加的单位攻击时总是投掷最高攻击骰数，且在你控制 [SWORDS] 期间，获得攻击骰投掷结果+1。",2021-S03
40205,史塔克基础卡组,凛冬将至,"**当1个友方单位成功冲锋时：**
选择1项；如果你控制 [HORSE] ，获得2项：
· 被本单位成功冲锋的敌方在本轮次中无法成为其友方号令或战术卡的目标。
· 攻击者攻击时投掷最高攻击骰数。",2021-S03
40206,史塔克基础卡组,迅速定位,"**任意轮次开始时：**
标记1个友方战斗单位为目标，使其调整2英寸。
如果你控制 [HORSE] ，作为替代，该单位执行3英寸的布阵行动。",2021
40207,史塔克基础卡组,突击号令,"**当1个友方NCU宣称1个区域时：**
替换该区域的效果为：
*1个友方战斗单位执行1次近战攻击行动。*
*如果该NCU宣称 [SWORDS] ，该战斗单位可改为执行1次冲锋行动。*",2021
40208,"罗柏·史塔克, 少狼主",骤然撤退,"**在1个敌方完成1次近战攻击后：**
标记防御者为目标，使其执行1次撤退行动。
如果本次目标为罗柏·史塔克所在的单位，则可以重投任意撤退距离骰。",2021
40209,"罗柏·史塔克, 少狼主",有利站位,"**当1个敌方执行1次冲锋行动，在该行动结算前：**
如果该敌方冲锋1个单位的正面，当冲锋距离骰投掷结果为3或更少时，该敌方遭受无序的冲锋。如果该敌方遭受无序的冲锋，该敌方获得**脆弱**。",2021
40210,"罗柏·史塔克, 少狼主",游击战,"**当1个友方单位完成1次近战攻击后：**
该单位执行1次撤退行动。
如果目标为罗柏·史塔克所在的单位，每1个与该单位脱战的敌方获得**力竭**。",2021-S03
40211,"大琼恩·安柏, 最后壁炉城伯爵",狂战士战术,"**当1个友方单位执行1次近战攻击，在投掷攻击骰后：**
如果本次目标为安柏家族单位，防御者获得**恐慌**。
本单位可以遭受至多3点伤害。如果遭受任意点伤害，本次攻击遭受1+该数量的额外点伤害。",2021-S01
40212,"大琼恩·安柏, 最后壁炉城伯爵",痛斥狠打,"**在1个敌方完成1次近战攻击后：**
如果防御者未被摧毁，防御者每有1排被摧毁则攻击者遭受2点伤害。如果防御者为安柏家族单位，攻击者获得**恐慌**。",2021
40213,"大琼恩·安柏, 最后壁炉城伯爵",背水一战,"**当1个友方单位被摧毁时：**
在移除该单位前，该单位使用其最高攻击骰数执行1次近战攻击行动。如果本次目标为安柏家族单位，该单位可以重投任意攻击骰。",2021
40214,"布林登·徒利, 黑鱼",戒备冲锋,"**当1个友方单位遭受成功的冲锋，在攻击者的近战攻击结算前：**
如果该友方单位未与其他敌方处于交战，且本次冲锋接战在正面或侧翼，在攻击者的近战攻击结算前，该友方单位对攻击者执行1次近战攻击。",2021
40215,"布林登·徒利, 黑鱼",拒绝屈服,"**当1个友方单位通过恐慌检测时：**
与该单位交战的所有敌方获得**脆弱**。附加本卡至该单位处直其至恐慌检测失败。
附加期间，每当本单位通过恐慌检测，所有与该单位交战的敌方获得**脆弱**。如果本卡附加至徒利家族单位，该单位恐慌检测投掷结果+1。",2021
40216,"布林登·徒利, 黑鱼",战吼,"**当1个友方战斗单位激活时：**
该单位执行1次士气检测。
如果成功，标记1个长距离范围内的敌方。该敌方获得**恐慌**或**脆弱**。
如果本单位为布林登所在的单位，如果成功，作为替代，该敌方获得**恐慌**和**脆弱**。",2021-S03
40217,"艾德·史塔克, 临冬城公爵",北境的蔑视,"**当1个友方单位执行恐慌检测时，在骰子投掷后：**
本次检测，该单位可以重投任意骰子。如果该单位位于艾德·史塔克的短距离范围内，则自动通过本次检测。
如果本目标为艾德·史塔克所在的单位，标记1个与艾德·史塔克所在的单位交战中的敌方。该敌方遭受1点伤害，本单位每被摧毁1排则+1点伤害。",2021
40218,"艾德·史塔克, 临冬城公爵",以身作则,"**艾德·史塔克所在的单位完成1次攻击后：**
附加本卡至长距离范围内的另1个友方单位直至该回合结束。
附加期间，本单位的士气检测投掷结果+2且近战攻击的攻击骰投掷结果+1。/
**友方轮次开始时：**
抓取1张战术卡。",2021
40219,"艾德·史塔克, 临冬城公爵",为逝者愤怒,"**在1个敌方完成1次近战攻击后：**
标记艾德·史塔克所在的单位。该单位执行1次攻击或冲锋行动。如果防御者被摧毁，艾德所在的单位可以重投任意攻击和冲锋距离骰。/
**友方轮次开始时：**
抓取1张战术卡。",2021
40220,"罗德利克·凯索, 军队教头",高超技巧,"**当1个敌方被标记为能力或战术卡的目标时：**
你可以从该敌方处消耗1枚状态标记。如果这么做，取消该能力或战术卡的效果。/
**友方轮次开始时：**
标记1个处于交战的友方战斗单位。从该单位处移除1枚状态标记。",2021
40221,"罗德利克·凯索, 军队教头",军事优势,"**当1个敌方执行1次近战攻击，在攻击骰投掷前：**
本次攻击每有1点未命中则攻击者遭受1点命中。
如果防御者为罗德利克所在的单位，本次攻击骰投掷结果-1。",2021-S03
40222,"罗德利克·凯索, 军队教头",紧握优势,"**当1个友方单位执行1次近战攻击，在攻击骰投掷前：**
选择1项；防御者每有1枚状态标记则选择+1项：
· 本次攻击投掷最高攻击骰数。
· 本次攻击骰投掷结果+1。
· 防御者失去所有能力且无法成为其友方战术卡的目标直至本轮次结束。",2021-S03
40223,"霍兰·黎德, 泽地之主",泽地陷阱,"**当1个敌方单位激活时：**
如果该敌方位于友方泽地人单位的长距离范围内，本轮次中，该敌方遭受-1 [MOVEMENT] 。
如果该敌方执行布阵、行军或撤退行动，视为移动穿越经过危险地形。",2021-S03
40224,"霍兰·黎德, 泽地之主",沼泽恶魔的伏击,"**当1个敌方单位激活时：**
选择1项：
· 如果该敌方位于友方泽地人单位的长距离范围内，该敌方获得**力竭**。
· 标记位于该敌方长距离范围内1个未激活的友方泽地人单位。该泽地人单位对该敌方执行1次远距攻击行动。",2021
40225,"霍兰·黎德, 泽地之主",无形的威胁,"**任意轮次开始时：**
标记1个敌方战斗单位。
如果该敌方长距离范围内有任何未交战的友方泽地人单位，该敌方获得**恐慌**，然后遭受1次恐慌检测。",2021-S03
40226,"布林登·徒利, 边境骑兵指挥官",骑乘攻击,"**当1个友方骑兵单位在其激活期间选择其行动时，在结算该行动前：**
作为它的行动，该单位即使处于交战中，也可以先转向然后执行1次行军行动。在本次行军中该单位可以移动穿越敌方。该单位脱离的敌方无法转向。
本次行军完成后，1个被其穿越过的敌方遭受1点伤害，该敌方每剩余1排则+1点伤害。",2021
40227,"布林登·徒利, 边境骑兵指挥官",践踏他们！,"**当1个敌方结束1个布阵、行军或撤退行动时：**
标记长距离范围内可以冲锋该敌方的1个友方骑兵单位。
该单位对该敌方执行1次冲锋行动。如果成功冲锋该敌方，作为执行近战攻击的替代，该敌方获得**恐慌**且本单位每剩余1排则该敌方遭受2点命中。",2021
40228,"布林登·徒利, 边境骑兵指挥官",集结备战,"**当1个未交战的友方骑兵激活时：**
本轮次仅1次，如果该单位即将执行布阵行动，作为执行该行动的替代，该单位可以恢复3点伤害且移除1枚状态标记。",2021
40229,"瑞卡德·卡史塔克, 卡霍城伯爵",嘲讽,"**当1个敌方战斗单位激活时：**
标记1个长距离范围内的友方单位。
本轮次中，如果该敌方可以攻击或冲锋本单位，且宣布对本单位执攻击或冲锋以外的任何行动，在执行该行动前，该敌方获得**脆弱**和**力竭**。",2021-S03
40230,"瑞卡德·卡史塔克, 卡霍城伯爵",复仇的欲望,"**任意回合开始时：**
标记1个友方战斗单位。该单位执行1次攻击行动。
如果本次目标为卡史塔克家族的单位，该单位获得攻击骰投掷结果+1。
在该攻击完成后，你的对手可以激活1个NCU。",2021
40231,"瑞卡德·卡史塔克, 卡霍城伯爵",卡史塔克的报复,"**当敌方单位执行1次攻击，在投掷攻击骰前：**
如果本次攻击目标为卡史塔克家族的单位，附加本卡至该敌方处直至游戏结束。否则，附加本卡至该敌方处直至本回合结束。
附加期间，每当该单位完成1次攻击，该单位获得**脆弱**。每当该单位有1排被摧毁，与该单位交战的1个单位恢复2点伤害。",2021
40232,"梅姬·莫尔蒙, 熊岛夫人",昂首屹立！,"**友方轮次开始时：**
附加本卡至1个友方战斗单位处直至游戏结束。
附加期间，当本单位即将被摧毁时，你可以弃置本卡。如果这么做，本单位不被摧毁，并以剩余1点伤害继续留在战场上。",2021-S03
40233,"梅姬·莫尔蒙, 熊岛夫人",熊岛的支持,"**友方轮次开始时：**
标记1个友方战斗单位，该单位遭受至多3点伤害。
长距离范围内的另1个友方单位恢复1+相应数量点数的伤害。
如果本目标为莫尔蒙家族单位，则标记与该友方单位交战的1个敌方。该敌方获得**力竭**。",2021
40234,"梅姬·莫尔蒙, 熊岛夫人",持续突击,"**当1个友方单位执行1次近战攻击，在投掷攻击骰前：**
如果本单位与防御者自轮次开始时即处于交战中，本单位攻击投掷最高攻击骰数。
如果目标为梅姬所在的单位，则可以重投任意攻击骰。",2021-S03
40301,自由民基础卡组,重组与改革,"**友方轮次开始时：**
标记2个互在对方长距离范围内的友方步兵单位。从其中1个单位处移除至多4个模型。另1个单位恢复与移除数量等量的伤害。
然后你可以从其中1个单位处将1个附属移动至另1个单位处*（如常替换模型，并遵循常规的附属限制）*，或这2个单位互换各自的友方附属。",2021
40302,自由民基础卡组,协调策略,"**任意轮次开始时：**
标记2个互在对方短距离范围内的友方步兵单位。
直至轮次结束，双方拥有对方的任意非固有能力。
你可以立即对这两者中的任意1个单位触发1个未使用的“在轮次开始时”号令。",2021-S02
40303,自由民基础卡组,他们太多了！,"**当1个敌方执行1次恐慌检测，在投骰前：**
其短距离范围内每有1个你的友方单位则该敌方投骰结果-1，至多3点。",2021-S02
40304,自由民基础卡组,牵制战术,"**当1个敌方完成1次近战攻击后：**
标记防御者长距离范围内的另1个友方单位。该单位执行1次布阵行动。",2021
40305,自由民基础卡组,压倒性的突击,"**当1个友方单位执行1次近战攻击，在投掷攻击骰前：**
每有1个友方单位与防御者交战，选择1项：
· 本次攻击可以重投任意攻击骰。
· 本次攻击获得**致命一击**。
· 本次攻击获得**破甲**。",2021
40306,自由民基础卡组,包围与暴露,"**任意轮次开始时：**
标记1个敌方单位。从第2个满足条件的友方单位开始计算，每有1个你的友方单位位于该敌方的短距离范围内，该敌方获得1枚状态标记。",2021
40307,自由民基础卡组,无尽的部落,"**任意轮次开始时：**
标记1个友方步兵单位。附加本卡至该单位处直至游戏结束。当该单位被摧毁时，在友方桌边的长距离范围内，部署1个带有掠袭者队长附属的自由民掠袭者单位，并处于未激活状态。",2021-S02
40308,"托蒙德·巨人克星, 雷拳",侵略的冲动,"**当1个友方单位执行1次冲锋行动，在投掷冲锋距离骰前：**
本单位的冲锋距离骰投掷结果自动视为6，且近战攻击获得**致命一击**。
在本次攻击完成后，除非攻击者为托蒙德所在的单位，否则本单位获得**脆弱**。",2021
40309,"托蒙德·巨人克星, 雷拳",反制突击,"**在1个敌方完成1次近战攻击后：**
标记防御者外的另1个友方战斗单位为目标。该单位对攻击者执行1次攻击或冲锋行动。
如果本次目标为托蒙德所在的单位，本次行动中，该单位可以重投任意攻击骰和冲锋距离骰。",2021
40310,"托蒙德·巨人克星, 雷拳",毁灭性冲击,"**当1个友方单位执行1次冲锋行动，在投掷冲锋距离骰后：**
被本单位成功冲锋的敌方获得**恐慌**和**脆弱**。
如果本次目标为托蒙德所在的单位，本单位可以重投任意冲锋距离骰。",2021-S03
40311,"曼斯·雷德, 塞外之王",野人的外交,"**当1个敌方NCU激活时：**
本轮次中，如果该NCU宣称1个区域，在结算该区域效果前或后，标记1个敌方战斗单位为目标。该单位获得1枚状态标记。然后标记1个敌方战斗单位为目标。该单位遭受D3+1点伤害。",2021
40312,"曼斯·雷德, 塞外之王",预料之中,"**在1个回合中的首个敌方轮次开始时：**
标记1个敌方战斗单位和1个敌方NCU。如果本轮次中两者任一执行行动，在该行动结算前，1个友方战斗单位执行1次攻击、布阵或撤退行动。",S04
40313,"曼斯·雷德, 塞外之王",长远计划,"**任意轮次结束时，如果1个对手控制 [LETTER] ：**
搜索你的战术卡组并选择1张卡加入至你的手牌中，然后洗匀你的战术卡组。/
**回合结束时：**
搜索你的战术卡组并选择1张卡加入至你的手牌中，然后洗匀你的战术卡组。/
**任意轮次结束时：**
抓取1张战术卡。",2021
40314,"叮当衫, 骸骨之王",血腥战利品,"**在1个友方单位完成1次近战攻击后，如果它摧毁了敌方的1排：**
附加本卡至攻击者短距离范围内的1个友方步兵或骑兵单位。所有与该单位交战的敌方获得**恐慌**。
当1个与本卡附加的单位交战的敌方执行1次行动，在结算该行动前，该敌方获得**恐慌**。",2021
40315,"叮当衫, 骸骨之王",武器战利品,"**在1个友方单位完成1次近战攻击后，如果它摧毁了敌方的1排：**
附加本卡至攻击者短距离范围内的1个友方步兵或骑兵单位。
附加期间，该单位近战攻击投掷结果+1。",2021
40316,"叮当衫, 骸骨之王",防具战利品,"**在1个友方单位完成1次近战攻击后，如果它摧毁了敌方的1排：**
附加本卡至攻击者短距离范围内的1个友方步兵或骑兵单位。
附加期间，该单位防御骰投掷结果+1。",2021
40317,"哈玛, 先锋队指挥官",游击战,"**当1个友方单位完成1次近战攻击后：**
该单位执行1次撤退行动。
如果目标为哈玛所在的单位，每1个与该单位脱战的敌方获得**力竭**。",2021-S03
40318,"哈玛, 先锋队指挥官",声东击西,"**当1个友方单位成功冲锋时：**
如果该单位与敌方的正面对齐，作为替代，将该单位对准该敌方的任意侧翼。
如果该单位与敌方的侧翼对齐，作为替代，将该单位对准该敌方的后方。",2021
40319,"哈玛, 先锋队指挥官",迅速定位,"**任意轮次开始时：**
标记1友方战斗单位为目标。该单位调整2英寸。
如果本次目标为哈马所在的单位，该单位改为执行3英寸的布阵行动。",2021
40320,"哭泣者, 恐怖屠夫",残忍方法,"**任意轮次开始时：**
标记1个敌方战斗单位。你可以从该单位处消耗1枚恐慌标记。如果这么做，选择2项：
· 1个位于长距离范围内的友方步兵单位恢复2点伤害*（这可以选择多次）*。
· 该敌方获得**脆弱**。
· 该敌方获得**力竭**。",2021
40321,"哭泣者, 恐怖屠夫",失败的代价,"**当1个友方单位执行1次近战攻击，在攻击骰投掷前：**
本次攻击中所有的攻击骰结果自动命中。
在本次攻击完成后，如果防御者未被摧毁，攻击者获得**恐慌**和**脆弱**。",2021-S03
40322,"哭泣者, 恐怖屠夫",无情的例子,"**当1个友方单位完成1次近战攻击后：**
如果本次攻击摧毁敌方1排，标记该敌方长距离范围内的另1个敌方。目标敌方获得**恐慌**。如果本次攻击摧毁敌方，在其短距离范围内能完全放下且不与其他地形板块重叠的任意位置放置1块带有下述关键词的尸体堆：
· **阻碍**
· **恶兆**：敌方位于短距离范围内时，士气检测遭受结果-1且恐慌检测失败时受到的伤害+1。",2021
40323,"斯迪, 瑟恩的马格拿",最后一击,"**当1个敌方完成1次近战攻击后：**
本次攻击中防御者每遭受1点伤害，则攻击者遭受1点命中。
如果防御者位于斯迪所在单位的长距离范围内，则该敌方因这些命中而造成的防御骰投掷结果-1。",2021-S01
40324,"斯迪, 瑟恩的马格拿",瑟恩的挑衅,"**当1个友方单位执行1次恐慌检测，在投骰后：**
本次检测中，该单位可以重投任意骰子。如果该单位位于斯迪的短距离范围内，则改为自动通过本次检测。
如果本次目标为斯迪所在的单位，标记1个与其交战的敌方。该敌方遭受1点伤害，本单位每被摧毁1排则+1点伤害。",2021
40325,"斯迪, 瑟恩的马格拿",斯迪的复仇,"**任意轮次开始时：**
标记1个友方战斗单位并附加本卡至该单位直至游戏结束。当1个友方单位被摧毁时，在本卡上放置1枚号令标记。
本卡拥有标记期间，被附加的单位获得：
当本单位攻击时，在投掷攻击骰前，防御者获得**脆弱**。",2021
40326,"强壮的玛格, 玛格·玛兹·屯多·铎尔·威格",不在乎,"**当1个友方怪兽单位执行1次行动，在该行动结算前：**
该单位可以替换该行动为：
*本单位恢复至多3点伤害。*",2021
40327,"强壮的玛格, 玛格·玛兹·屯多·铎尔·威格",践踏他们！,"**当1个友方巨人单位执行1次冲锋行动，在该行动结算前：**
该单位可以替换该冲锋行动为：
*本单位转向，然后移动10英寸穿越单位。如果结束移动时与1个单位重叠，将本单位停在该单位前1英寸处。每个被本单位穿越的非独立单位或本单位结束移动时重叠到的单位遭受D3点伤害。*",2021
40328,"强壮的玛格, 玛格·玛兹·屯多·铎尔·威格",激怒,"**当1个友方怪兽单位激活时：**
该单位遭受2点伤害。
直至轮次结束，该单位可以重投任意攻击骰且防御者获得**恐慌**。",2021
40329,"强壮的玛格, 玛格·玛兹·屯多·铎尔·威格",酋长的号令,"**当强壮的玛格激活时：**
玛格可以替换他的行动为：
*位于长距离范围内的1个友方巨人单位执行1次行动。*/
**任意轮次开始时：**
抓取1张战术卡。",2021
40330,"强壮的玛格, 玛格·玛兹·屯多·铎尔·威格",来自北边的怪物,"**当1个位于友方怪兽单位短距离范围内的敌方激活时：**
该敌方遭受1次恐慌检测，且其短距离范围内每有1个友方怪兽单位则结果-1，至多-3。如果失败，每有1个友方怪兽单位在其短距离范围内，该敌方遭受+1点伤害，至多+3点。",2021
40331,"强壮的玛格, 玛格·玛兹·屯多·铎尔·威格",他们族群的最后一个,"**当1个友方巨人单位被摧毁时：**
另1个友方巨人单位执行1次攻击或冲锋行动。",2021
40332,"强壮的玛格, 玛格·玛兹·屯多·铎尔·威格",挑衅的咆哮,"**当1个友方怪兽单位通过1次士气检测时：**
标记所有与该单位交战的敌方。这些单位获得**力竭**。",2021
40333,"强壮的玛格, 玛格·玛兹·屯多·铎尔·威格",巨石投掷,"**当1个友方巨人单位执行1次行动，在该行动结算前：**
该单位替换该行动为执行下述远距攻击：
 [ATTACK:LongRanged:巨石投掷:3+1] 
如果本次攻击造成任何命中，替代投掷防御骰，防御者遭受D3点伤害，且其每剩余1排则+1点伤害。",2021
40334,"强壮的玛格, 玛格·玛兹·屯多·铎尔·威格",蹂躏,"**当1个友方战斗单位高歌猛进时：**
替代高歌猛进，该单位执行1次冲锋或行军行动。",S04
40335,"强壮的玛格, 玛格·玛兹·屯多·铎尔·威格",闪电战,"**当1个友方怪兽单位激活时：**
该单位获得**脆弱**。直至轮次结束，该单位获得+2 [MOVEMENT] 且可以重投任意冲锋距离骰。",2021
40336,"大海象, 冰封海岸首领",持久战,"**友方轮次开始时：**
标记1个友方战斗单位并将本卡附加至该单位处直至游戏结束。附加期间，根据当前游戏回合数，本单位的近战获得下述效果*（效果可以累加）*：
**3+：**可以重投任意未命中
**4+：破甲**
**5+：致命一击**
**6+：**攻击骰数量+2",2021
40337,"大海象, 冰封海岸首领",冰封海岸的适应力,"**当1个敌方执行1次攻击，在投掷防御骰后：**
标记防御者。该单位可以重投任意防御骰。
如果防御者为冰封海岸单位，本次攻击中，该单位可以重投任意恐慌检测骰。",2021
40338,"大海象, 冰封海岸首领",海象人的力量,"**当1个友方单位执行1次近战攻击，在投掷攻击骰前：**
如果本单位为冰封海岸单位，本次攻击骰投掷结果+1。
如果本单位自轮次开始时与防御者交战，本单位投掷最高攻击骰数。",2021
40339,"六形人瓦拉米尔, 易形者大师",召唤同伴,"**敌方轮次开始时：**
选择影子山猫或狼群。如果该单位已在战场，你可以从战场上移除该单位。
然后，如果该单位不在战场*（因本效果或已被摧毁）*，在战场侧翼边缘的短距离范围内重新部署该单位。如果该单位在本回合中已经激活过，该单位带着一枚激活标记进行部署。",2021
40340,"六形人瓦拉米尔, 易形者大师",联动守护,"**在友方瓦拉米尔、影子山猫或狼群单位遭受攻击后：**
标记另1个友方瓦拉米尔、影子山猫或狼群单位。
该单位执行1次攻击、冲锋或布阵行动。如果执行攻击或冲锋，必须以攻击者为目标。",2021
40341,"六形人瓦拉米尔, 易形者大师",联动指令,"**在友方瓦拉米尔、影子山猫或狼群单位激活时：**
本轮次中本单位无法执行行动。作为替代，标记本单位长距离范围内的另1个友方瓦拉米尔，影子山猫或狼群单位。该单位执行1次行动。",2021
40401,中立基础卡组,规划和洞察,"**当1个单位执行1次近战攻击，在投掷攻击骰前：**
选择1项：
· 本次攻击造成+1点命中。
· 在防御骰投掷后，防御者格挡+1点命中。
如果你控制 [LETTER] ，或你指挥官所在的单位为攻击者/防御者，造成/格挡+1点命中。",2021
40402,中立基础卡组,自适应方法,"**任意轮次开始时：**
标记1个敌方战斗单位。
该单位获得1枚状态标记。
然后，你可以将1个单位处的1枚状态标记更换为任意1枚其它状态标记。
如果你控制 [LETTER] ，你可以从1个单位处移动1枚状态标记至任意其它单位处。",2021-S03
40403,中立基础卡组,发布命令,"**当你的指挥官所在的单位激活时：**
在本轮次中该单位无法执行行动。作为替代，标记长距离范围内的另1个友方单位执行1次攻击或冲锋行动。/
**任意轮次开始时：**
标记1个友方战斗单位。从该单位处移除1枚号令标记。在本回合中，该单位可以再次使用该号令。",2021
40404,中立基础卡组,值得冒险,"**当1个友方单位执行1次士气检测，在投骰后：**
本次检测中，该单位可以重投任意骰子。
如果该单位位于你指挥官的短距离范围内，改为自动通过本次检测。
如果成功，恢复2点伤害。",2021-S03
40405,中立基础卡组,精心策划,"**回合结束时：**
从你的战术卡组搜索任意1张**指挥官**战术卡并加入至你的手牌中。然后洗匀你的战术卡组。/
**任意轮次开始时，如果你控制 [LETTER] ：**
从你的战术卡组搜索任意1张**指挥官**战术卡并加入至你的手牌中。然后洗匀你的战术卡组。",2021
40406,中立基础卡组,出其不意的策略,"**友方轮次开始时：**
弃置本卡和另1张卡以将弃牌堆中的1张卡返还至你的手牌中。
如果你控制 [LETTER] ，你仅需弃置本卡。",2021
40407,中立基础卡组,战利品,"**友方轮次开始时：**
附加本卡至1个友方骑兵或步兵单位直至游戏结束。
附加期间，每当短距离范围内的1个敌方被摧毁，在本卡上放置1枚号令标记。本单位的近战攻击根据号令标记的数量获得下述效果*(效果可以累加)*：
**1+：**投掷最高攻击骰数，且在投掷攻击骰前，防御者获得**脆弱**。
**2：**攻击骰投掷结果+1。",2021-S03
40408,"拉姆斯·雪诺, 波顿的私生子",吾刃尚锋,"**当1个友方单位执行1次近战攻击，在投掷攻击骰前：**
如果防御者拥有**恐慌**，本次攻击获得**精准**。
如果防御者拥有**恐慌**，且攻击者为波顿家族单位，本次攻击可以重投任意攻击骰。",2021
40409,"拉姆斯·雪诺, 波顿的私生子",残忍方式,"**任意轮次开始时：**
标记1个敌方战斗单位。你可以从该单位处消耗1枚恐慌标记。如果这么做，选择2项：
· 1个位于长距离范围内的波顿家族单位恢复2点伤害*（这可以选择多次）*。
· 该敌方获得**脆弱**。
· 该敌方获得**力竭**。",2021
40410,"拉姆斯·雪诺, 波顿的私生子",虐待狂的游戏,"**敌方轮次开始时：**
你的对手选择1项*（在对方选择后，你再选择目标）*：
· 标记至多2个敌方战斗单位。这些单位获得**恐慌**。
· 标记1个交战的敌方。该敌方遭受2点命中，与该敌方交战的所有波顿单位每剩1排则+1点命中。",2021
40411,"卢斯·波顿, 水蛭大人",被剥皮的人没有秘密,"**当1个单位成为能力或战术卡的目标时：**
你可以从1个位于该单位长距离范围内的敌方处消耗1枚状态标记。如果这么做，取消该能力或战术卡的效果。",2021
40412,"卢斯·波顿, 水蛭大人",心存畏惧才能生存,"**当1个敌方在1次恐慌检测中失败：**
标记位于该敌方长距离范围内的任意数量的友方波顿家族单位。因本次恐慌检测造成的每点伤害，使这些单位恢复等量的伤害*（总数）*。",2021
40413,"卢斯·波顿, 水蛭大人",低吟的威胁,"**当1个敌方NCU激活时：**
如果该NCU在本轮次中宣称1个区域，在该区域效果结算后，标记1个敌方战斗单位。该单位获得**脆弱**。然后标记1个敌方战斗单位，使其获得**恐慌**。",2021
40414,"瓦格·霍特, 赫伦堡的山羊",残废控的恶名,"**当1个敌方执行1次恐慌检测，在投骰前：**
如果该敌方在本次恐慌检测中失败，你可以从该敌方处消耗1枚**力竭**标记。如果这么做，该敌方遭受+2点伤害。
如果该敌方与血戏班单位交战，则恐慌检测投掷结果-2。",2021
40415,"瓦格·霍特, 赫伦堡的山羊",粗心的侵略,"**任意回合开始时：**
标记1个友方战斗单位。该单位执行1次攻击行动。
该攻击完成后，你对手可以激活1个NCU。",2021
40416,"瓦格·霍特, 赫伦堡的山羊",趁虚而入,"**当1个友方单位执行1次攻击，在攻击骰投掷前：**
防御者获得**脆弱**。
如果防御者已有**力竭**，攻击者可以重投任意攻击骰。",2021-S03
40417,"达里奥·纳哈里斯, 暴鸦团团长",佣兵的谈判,"**当1个友方NCU宣称1个区域：**
替换该区域效果为：
*直至回合结束，你视为控制 [MONEY] 。1个友方战斗单位恢复2点伤害。如果该目标为暴鸦团单位，每有1排被摧毁则恢复+1点伤害。*",2021
40418,"达里奥·纳哈里斯, 暴鸦团团长",虚张声势的佣兵,"**友方轮次开始时：**
标记1个友方战斗单位。该单位执行1次士气检测。如果该单位为暴鸦团单位，士气检测投掷结果+2。
如果成功，标记1个位于长距离范围内的敌方。该敌方获得**恐慌**和**力竭**。",2021
40419,"达里奥·纳哈里斯, 暴鸦团团长",鲁莽打击,"**当1个友方战斗单位执行1次近战攻击，在投掷攻击骰前：**
本次攻击获得**致命一击**和**精准**。攻击骰结果每有1个1则攻击者遭受1点伤害。
如果目标为暴鸦团单位，则本次攻击投掷最高攻击骰数。",2021
40420,"乔金, 暴鸦团指挥官",武装兄弟,"**友方轮次开始时：**
附加本卡至1个友方暴鸦团战斗单位处直至游戏结束或直至其恐慌检测失败。
附加期间，每当本单位攻击时，短距离范围内每有1个其它友方单位则攻击骰数量+1。
如果本单位位于乔金所在单位的短距离范围内，攻击骰数量额外+1。",2021
40421,"乔金, 暴鸦团指挥官",牵制战术,"**当1个敌方完成1次近战攻击后：**
标记防御者长距离范围内的另1个友方单位。该单位执行1次布阵行动。",2021
40422,"乔金, 暴鸦团指挥官",忠诚的佣兵,"**当1个友方单位执行1次恐慌检测时，在投骰前：**
该单位的投掷结果+2。
如果该单位位于乔金所在单位的短距离范围内，则自动通过本次检测。",2021
40501,守夜人基础卡组,黑暗中的利剑,"**当1个友方单位执行1次近战攻击，在投掷攻击骰前：**
如果防御者在本回合中还未激活，则其获得**恐慌**和**脆弱**。/
**当1个友方守夜人单位激活时：**
附加本卡至该单位处直至其恐慌检测失败。附加期间，决定近战攻击骰数量时，本单位视为其排数+1。",S04
40502,守夜人基础卡组,抵御寒冷的烈焰,"**当1个友方单位执行士气检测，在投掷骰子后：**
本次检测中该单位可以重投任意骰子。/
**当1个友方守夜人单位激活时：**
附加本卡至该单位处直至其恐慌检测失败。附加期间，每当本单位获得状态标记时，该单位可以遭受1点伤害以移除该标记。",S04
40503,守夜人基础卡组,守护王国的坚盾,"**当1个敌方执行1次攻击，在投掷防御骰后：**
标记防御者，该单位可以重投任意防御骰。/
**当1个友方守夜人单位激活时：**
附加本卡至该单位处直至其恐慌检测失败。附加期间，每当本单位被攻击时，在防御骰投掷后，本单位格挡+1点命中。",S04
40504,守夜人基础卡组,长城上的守卫,"**当1个友方单位被攻击后：**
标记防御者外的另1个友方战斗单位。该单位转向，然后调整2英寸。/
**当1个友方守夜人单位激活时：**
附加本卡至该单位处直至其恐慌检测失败。附加期间，本单位获得+1 [MOVEMENT] 且可以重投任意冲锋距离骰。",S04
40505,守夜人基础卡组,破晓时分的光线,"**当1个友方单位执行近战攻击，在投掷攻击骰前：**
本次攻击可以重投任意未命中。/
**当1个友方守夜人单位激活时：**
附加本卡至该单位处直至其恐慌检测失败。附加期间，本单位的士气检测结果+1。",S04
40506,守夜人基础卡组,穿上黑衣,"**当1个友方单位完成近战攻击后：**
如果防御者遭受任意点伤害，攻击者恢复1点伤害，本次攻击中每摧毁1排则额外恢复+1点伤害。如果1个步兵附属被摧毁，你可以将其附加至攻击者处，如常替换模型，且无视常规的附属限制。",S04
40507,守夜人基础卡组,守望结束,"**当1个友方单位被近战攻击摧毁时：**
标记攻击者，该单位获得**脆弱**。然后标记长距离范围内的所有友方单位，使其恢复2点伤害。/
**当1个友方守夜人单位激活时：**
附加本卡至该单位处直至其恐慌检测失败。附加期间，每当本单位通过士气检测时，可以恢复1点伤害。",S04
40508,"杰奥·莫尔蒙, 第997任总司令",我从今开始守望,"**当1个友方守夜人战斗单位激活时：**
该单位执行1次士气检测。成功时，选择1项：
· 从你的战术卡组搜索任意1张战术卡并加入至你的手牌中，然后弃置1张卡。之后洗匀你的战术卡组。
· 从你的战术卡组或弃牌堆搜索任意1张可以附加至本单位的战术卡并附加至本单位处，然后洗匀你的战术卡组。",2021
40509,"杰奥·莫尔蒙, 第997任总司令",尽忠职守，生死于斯,"**当1个友方单位通过1次士气检测时：**
与该单位交战的所有敌方获得**脆弱**。
如果本次目标为守夜人单位，附加本卡至该单位处至游戏结束。
附加期间，本单位不能因为恐慌检测失败而失去最后的1点伤害*（该单位只能减少至剩余1点伤害）*。",2021
40510,"杰奥·莫尔蒙, 第997任总司令",长夜将至,"**当1个友方守夜人单位激活时：**
附加本卡至该单位处直至其恐慌检测失败。附加期间，每当敌方对本单位执行近战攻击时，在攻击骰投掷前，攻击者遭受1点命中，且本单位每剩余1排则额外+1点命中。",S04
40511,"琼恩·雪诺, 第998任总司令",至死方休！,"**当1个友方战斗单位即将因近战攻击而被摧毁：**
在移除前，该单位对攻击者使用其最低攻击骰数执行1次近战攻击行动。如果本次目标为琼恩·雪诺所在的单位，该单位攻击骰+2。
如果此次攻击摧毁了该敌方单位，则你的友方单位免于被摧毁，改为以剩余1点伤害的状态存活于战场中。",2021
40512,"琼恩·雪诺, 第998任总司令",团结一致，兄弟们！,"**任意轮次开始时：**
标记1个友方战斗单位为目标。从长距离范围内的其他友方战斗单位处移除至多4个模型*（总数）*，然后该单位恢复等量的伤害。
如果目标为琼恩·雪诺所在的单位，该单位可以恢复+2点伤害*（无论是否移除模型）*。",2021
40513,"琼恩·雪诺, 第998任总司令",为了守夜人！,"**当1个友方单位执行1次冲锋行动时，在投掷冲锋距离骰后：**
本单位可以重投任意冲锋距离骰。/
**当1个友方守夜人单位激活时：**
附加本卡至该单位处直至其恐慌检测失败。附加期间，每当本单位成为 [HORSE] 区域的目标时，你可以替换该区域效果为：*本单位执行1次冲锋行动。*",S04
40514,"艾里沙·索恩, 军团教头",可悲的尝试,"**当1个友方单位通过1次因近战攻击而产生的恐慌检测时：**
标记攻击者为目标。防御者每剩余1排则攻击者遭受2点命中。
如果防御者为艾里沙所在的单位，攻击者获得**力竭**。",2021
40515,"艾里沙·索恩, 军团教头",弱点可视,"**当1个敌方战斗单位完成1次行动时：**
该敌方获得**脆弱**和**恐慌**。
附加本卡至该敌方单位直至本回合结束。附加期间，当艾里沙·索恩所在的单位攻击该敌方时，该敌方失去所有能力且无法成为其友方战术卡的目标。",2021
40516,"艾里沙·索恩, 军团教头",失败的代价,"**当1个友方单位执行1次近战攻击，在攻击骰投掷前：**
本次攻击中所有的攻击骰结果自动命中。
在本次攻击完成后，如果防御者未被摧毁，攻击者获得**恐慌**和**脆弱**。",2021-S03
40517,"唐纳·诺伊, 黑城堡的防务官",防御阵型,"**任意轮次开始时：**
附加本卡至友方战斗单位处直至该单位下个激活开始时。
附加期间，本单位无法执行攻击或冲锋行动，但获得防御骰投掷结果+1且攻击者以本单位为目标时不享受冲锋、侧翼或后方的加成。",2021
40518,"唐纳·诺伊, 黑城堡的防务官",拒绝屈服,"**当1个友方单位通过1次恐慌检测时：**
与该单位交战的所有敌方获得**脆弱**。附加本卡至该单位处直至其恐慌检测失败。
附加期间，每当本单位通过恐慌检测，所有与该单位交战的敌方获得**脆弱**。如果本卡附加至唐纳·诺伊所在的单位，该单位恐慌检测投掷结果+1。",2021
40519,"唐纳·诺伊, 黑城堡的防务官",痛斥狠打,"**当1个敌方完成1次近战攻击后：**
如果防御者未被摧毁，防御者每有1排被摧毁则攻击者遭受2点伤害。如果防御者为唐纳·诺伊所在的单位，攻击者获得**恐慌**。",2021
40520,"奥赛尔·亚威克, 首席工匠",抛光打磨,"**当1个友方单位执行1次攻击，在投掷攻击骰前：**
本次攻击骰投掷结果+1。
如果本单位为工匠单位，本单位攻击骰+1。",2021-S01
40521,"奥赛尔·亚威克, 首席工匠",快速建造,"**回合开始时：**
在1个友方单位的1英寸内放置1片具有“可破坏的”“强化”和“阻碍”关键字的矮墙地形。本地形无法与单位或其他地形重叠。",2021
40522,"奥赛尔·亚威克, 首席工匠",锯齿化改进,"**当1个友方单位执行1次攻击，在投掷攻击骰前：**
本次攻击获得**凶残**。
如果攻击者为工匠单位，敌方在因本单位的攻击而产生的恐慌检测中失败时，该敌方获得**力竭**。",2021-S01
40523,"班杨·史塔克, 首席游骑兵",游击战,"**在1个友方单位完成1次近战攻击后：**
该单位执行1次撤退行动。
如果本次目标为游骑兵单位，任何与该单位脱战的敌方获得**力竭**。",2021
40524,"班杨·史塔克, 首席游骑兵",埋伏并等待,"**当1个敌方战斗单位激活时：**
标记该敌方长距离范围内的1个友方未激活、有视野的单位。
该单位对该敌方执行1次远距攻击行动。
如果目标为游骑兵单位，该单位可以重投任意未命中。",2021-S03
40525,"班杨·史塔克, 首席游骑兵",猎人的洞察力,"**友方轮次开始时：**
标记友方游骑兵单位长距离范围内的1个敌方并选择1项：
· 位于该敌方长距离范围内的1个友方单位调整3英寸。
· 本轮次中，以该敌方为目标的友方单位可以重投攻击和冲锋距离骰。
· 本轮次中，该敌方无法使用号令或成为其友方战术卡的目标。",2021
40526,"班杨·史塔克, 在绝境长城以外",猎人的洞察力,"**友方轮次开始时：**
标记友方游骑兵单位长距离范围内的1个敌方并选择1项：
· 位于该敌方长距离范围内的1个友方单位调整3英寸。
· 本轮次中，以该敌方为目标的友方单位可以重投攻击和冲锋距离骰。
· 本轮次中，该敌方无法使用号令或成为其友方战术卡的目标。",2021
40527,"班杨·史塔克, 在绝境长城以外",集结备战,"**当1个未交战的友方骑兵激活时：**
本轮次仅1次，如果该单位即将执行布阵行动，作为执行该行动的替代，该单位可以恢复3点伤害且移除1枚状态标记。",2021
40528,"班杨·史塔克, 在绝境长城以外",骑乘攻击,"**当1个友方骑兵单位在其激活期间选择其行动时，在结算该行动前：**
作为它的行动，该单位即使处于交战中，也可以先转向然后执行1次行军行动。在本次行军中该单位可以移动穿越敌方。该单位脱离的敌方无法转向。
本次行军完成后，1个被其穿越过的敌方遭受1点伤害，该敌方每剩余1排则+1点伤害。",2021
40529,"卡特·派克, 东海望指挥官",突击号令,"**当1个友方NCU宣称1个区域时：**
替换该区域效果为：
1个友方战斗单位执行1次近战攻击行动。
如果本次目标为卡特·派克所在的单位，该单位可以改为执行1次冲锋行动。",2021
40530,"卡特·派克, 东海望指挥官",派克的挑衅,"**在1个友方单位完成1次近战攻击后：**
该单位以其最低攻击骰数执行1次近战攻击。本次攻击不会触发恐慌检测。
本次攻击完成后，攻击者此次攻击每投出1点命中则遭受1点命中。",2021-S03
40531,"卡特·派克, 东海望指挥官",鲁莽打击,"**当1个友方单位执行1次近战攻击，在投掷攻击骰前：**
本次攻击获得**致命一击**和**精准**。攻击骰结果每有1个1则攻击者遭受1点伤害。
如果本次目标为卡特·派克所在的单位，则本次攻击使用最高攻击骰数。",2021
40532,"丹尼斯·梅利斯特, 影子塔指挥官",自适应方法,"**任意轮次开始时：**
标记1个敌方战斗单位。
该单位获得1枚状态标记。
然后，你可以将1个单位处的1枚状态标记更换为任意1枚其它状态标记。
如果你控制 [LETTER] ，你可以从1个单位处移动1枚状态标记至任意其它单位处。",2021-S03
40533,"丹尼斯·梅利斯特, 影子塔指挥官",非凡的战斗力,"**当1个敌方成为能力或战术卡的目标时：**
你可以从该敌方处消耗1枚状态标记。如果这么做，取消该能力或战术卡的效果。/
**友方轮次开始时：**
标记1个交战的友方战斗单位。从该单位处移除1枚状态标记。",2021
40534,"丹尼斯·梅利斯特, 影子塔指挥官",责任的磨砺,"**当1个友方守夜人单位激活时：**
附加本卡至该单位处直至其恐慌检测失败。附加期间，每当本单位激活时，你可以标记长距离及视野范围内的1个敌方。该敌方获得1枚状态标记。",S04
40601,拜拉席恩基础卡组,拜拉席恩的正义,"**当1个敌方完成1次攻击后：**
攻击者获得1枚状态标记。
如果你控制 [CROWN] 或 [LETTER] ，攻击者获得+1枚标记。",S04
40602,拜拉席恩基础卡组,雄鹿的智慧,"**当1个友方单位获得1枚状态标记时：**
移除该标记。你可以标记1个与该单位交战的敌方。该敌方获得1枚该类型的状态标记。
如果你控制 [LETTER] ，标记长距离范围内的另1个敌方。该敌方获得1枚相同类型的状态标记。",2021
40603,拜拉席恩基础卡组,怒火燎原,"**当1个友方单位执行1次近战攻击，在投掷攻击骰前：**
选择1项。每控制1个 [CROWN] 或 [LETTER] 区域则选择+1项：
· 本次攻击骰投掷结果+1。
· 本次攻击获得**破甲**。
· 本次攻击获得**凶残**。",2021
40604,拜拉席恩基础卡组,持续突击,"**当1个友方单位执行1次近战攻击，在投掷攻击骰前：**
如果本单位与防御者自轮次开始时即处于交战中，本单位攻击投掷最高攻击骰数，且可以重投任意攻击骰。",S04
40605,拜拉席恩基础卡组,拜拉席恩的信念,"**当1个友方单位通过1次士气检测：**
该单位恢复2点伤害。
如果你控制 [CROWN] ，所有与其交战的敌方遭受1次恐慌检测。
如果你控制 [LETTER] ，所有与其交战的敌方获得1枚状态标记。",2021-S01
40606,拜拉席恩基础卡组,最后一击,"**当1个敌方完成1次近战攻击后：**
本次攻击中防御者每遭受1点伤害，则攻击者遭受1点命中。
如果你控制 [CROWN] ，则攻击者因这些命中而造成的防御骰投掷结果-1。",2021-S01
40607,拜拉席恩基础卡组,宣誓效忠,"**任意轮次开始时：**
标记1个友方战斗单位并附加本卡至该单位处直至游戏结束。当1个友方步兵或骑兵单位被摧毁时，在本卡上放置1枚号令标记。
本卡拥有标记期间，每当本单位执行近战攻击，在攻击骰投掷前，防御者获得1枚状态标记，且你控制 [CROWN] 期间，本单位可以重投任意攻击骰。",S04
40608,"蓝礼·拜拉席恩, 风暴地领主",令人费解的回报,"**当1个友方NCU宣称1个区域，替换该区域效果为：**
选择1项：
*· 从1个单位处移动1个友方附属至长距离范围内的另1个没有附属的友方单位处。*
*· 附加1个已被摧毁的友方附属至1个没有附属的友方战斗单位处（如常替换模型）。*",2021
40609,"蓝礼·拜拉席恩, 风暴地领主",隐秘的情事,"**当1个不包含蓝礼·拜拉席恩的友方单位被攻击后：**
蓝礼所在的单位对攻击者执行1次攻击或冲锋行动。本次攻击投掷最高攻击骰数。/
**友方轮次开始时：**
抓取1张战术卡。",2021
40610,"蓝礼·拜拉席恩, 风暴地领主",在其兄长们的阴影之下,"**当1个敌方指挥官所在的单位激活时：**
选择1项：
· 如果该敌方位于蓝礼所在单位的长距离范围内，该指挥官失去所有的能力直至回合结束。
· 蓝礼所在的单位执行1次布阵或撤退行动。/
**任意轮次开始时：**
如果敌方指挥官已被摧毁，蓝礼·拜拉席恩所在的单位恢复2点伤害。",2021
40611,"洛拉斯·提利尔, 百花骑士",深受平民的爱戴,"**当1个敌方执行1次近战攻击，在投掷攻击骰前：**
该敌方执行1次士气检测。如果失败，该敌方获得**脆弱**和**力竭**。
如果该敌方位于洛拉斯·提利尔所在的单位的短距离范围内，该敌方此次士气检测的投骰结果-2。",2021
40612,"洛拉斯·提利尔, 百花骑士",茂盛生长,"**敌方轮次开始时：**
标记1个友方单位为目标。该单位执行1次士气检测。如果该单位与拥有更多排数的敌方交战，该单位自动通过本次检测。
如果成功，附加本卡至该友方单位处直至游戏结束。
附加期间，每当该单位被攻击，在该攻击结算前，攻击者遭受1点命中，防御者每剩余1排则+1点命中。",2021
40613,"洛拉斯·提利尔, 百花骑士",强壮生长,"**当1个友方战斗单位激活时：**
所有与本单位处于交战中且拥有相同或更多排数的敌方获得**脆弱**。
然后，本单位恢复1点伤害，每被摧毁1排则恢复+1点伤害。",2021-S03
40614,"埃尔顿·伊斯蒙, 绿石堡伯爵",巨额赎金,"**当1个友方附属被摧毁时：**
附加本卡至1个短距离范围内的敌方单位处直至游戏结束。当该单位被摧毁时，获得1点胜利分数。/
**当1个敌方附属被摧毁时：**
附加本卡至1个短距离范围内的友方单位处直至游戏结束。附加期间，该单位的近战攻击骰数量+1且获得士气检测投掷结果+1。",2021
40615,"埃尔顿·伊斯蒙, 绿石堡伯爵",军事优势,"**当1个敌方执行1次近战攻击，在攻击骰投掷前：**
本次攻击每有1点未命中则攻击者遭受1点命中。
如果防御者为埃尔顿所在的单位，本次攻击骰投掷结果-1。",2021-S03
40616,"埃尔顿·伊斯蒙, 绿石堡伯爵",持久战,"**友方轮次开始时：**
标记1个友方战斗单位并将本卡附加至该单位处直至游戏结束。附加期间，根据当前游戏回合数，本单位的近战攻击获得下述效果*（效果可以累加）*：
**3+：**可以重投任意未命中
**4+：破甲**
**5+：致命一击**
**6+：**攻击骰数量+2",2021
40617,"科塔奈·庞洛斯, 风息堡的代理城主",发布命令,"**当你的指挥官所在的单位激活时：**
在本轮次中该单位无法执行行动。作为替代，标记另1个长距离范围内的友方单位执行1次攻击或冲锋行动。/
**任意轮次开始时：**
标记1个友方战斗单位。从该单位处移除1枚号令标记。在本回合中，该单位可以再次使用该号令。",2021
40618,"科塔奈·庞洛斯, 风息堡的代理城主",出其不意的策略,"**友方轮次开始时：**
弃置本卡和另1张卡以将弃牌堆中的1张卡返还至你的手牌中。
如果你控制 [LETTER] ，你仅需弃置本卡。",2021
40619,"科塔奈·庞洛斯, 风息堡的代理城主",将计就计,"**当1个对手打出1张战术卡，在该卡结算前：**
投掷1颗骰子：结果为3+时，取消该战术卡的效果。
如果你控制 [CROWN] 或 [LETTER] ，则改为结果为2+时，取消该战术卡的效果。
如果你同时控制2个，本次投掷视为自动成功。",2021-S03
40620,"蓝礼·拜拉席恩, 有魅力的继承人",财富与魅力,"**当1个友方NCU宣称1个区域时：**
替换该区域效果为：
*选择1项：*
*· 任意数量的友方战斗单位共恢复3点伤害（总数）。*
*· 从每个友方战斗单位处移除所有的状态标记，每移除1枚标记，与移除标记的友方单位交战的1个敌方遭受1点伤害。*",2021
40621,"蓝礼·拜拉席恩, 有魅力的继承人",更年轻，更大胆，更标致,"**当1个友方单位通过1次士气检测时：**
附加本卡至该单位处直至蓝礼·拜拉席恩所在的单位被摧毁。
附加期间，如果本单位位于蓝礼·拜拉席恩所在的单位的长距离范围内，本单位的近战攻击投掷骰子数+1且本单位每次激活时恢复1点伤害。/
**友方轮次开始时：**
抓取1张战术卡。",2021-S03
40622,"蓝礼·拜拉席恩, 有魅力的继承人",他们将拥我为王！,"**友方轮次开始时：**
选择1项：
· 抓取1张战术卡。
· 标记所有位于蓝礼·拜拉席恩所在的单位短距离范围内的友方单位。这些单位恢复1点伤害。
· 标记所有位于蓝礼·拜拉席恩所在的单位短距离范围内的敌方。这些单位遭受1点伤害。",2021
40623,"史坦尼斯·拜拉席恩, 合法的继承人",唯一真王的意志,"**当1个友方NCU宣称 [CROWN] ：**
替换该区域效果为：
*1个敌方战斗单位获得**恐慌**。*
*1个敌方战斗单位获得**脆弱**。*
*1个敌方战斗单位获得**力竭**。*",2021
40624,"史坦尼斯·拜拉席恩, 合法的继承人",恶劣条件,"**任意轮次开始时：**
标记1个敌方单位。从该单位处移除任意数量的状态标记。每移除1枚标记，该敌方就失去1个能力直至回合结束。",2021
40625,"史坦尼斯·拜拉席恩, 合法的继承人",战术手段,"**回合开始时：**
标记1个友方战斗单位。附加本卡至该单位处直至游戏结束。
附加期间，每当本单位执行1次近战攻击，在投掷攻击骰后，你可以从防御者处消耗1枚状态标记。如果这么做，本次攻击造成+D3点伤害。
如果本次目标为史坦尼斯所在的单位，替代投骰，造成3点伤害。",2021
40626,"史坦尼斯·拜拉席恩, 唯一的真王",以拉赫洛之名,"**当1个友方单位执行1次近战攻击，在投掷攻击骰前：**
本次攻击获得以下的1项加成；如果本次目标为拉赫洛单位，获得2项：
· **致命一击**
· **破甲**
在本次攻击完成后，如果防御者未被摧毁，攻击者遭受1次恐慌检测。",2021-S03
40627,"史坦尼斯·拜拉席恩, 唯一的真王",信仰的考验,"**任意轮次开始时：**
标记1个友方拉赫洛单位。
该单位遭受1次士气检测。
如果成功，该单位移除所有的状态标记。
附加本卡至该单位处。在1个敌方对本单位完成1次攻击后，移除本卡。
附加期间，本单位防御骰投掷结果+1。",2021-S03
40628,"史坦尼斯·拜拉席恩, 唯一的真王",亚梭尔·亚亥！,"**当1个友方单位执行1次恐慌检测，在投骰后：**
如果该单位在本次恐慌检测中失败，该单位至多遭受1点伤害。
如果本次目标为拉赫洛单位，作为替代，该单位自动通过本次检测，且所有与该单位交战的敌方获得**恐慌**。",2021
40629,"戴佛斯·席渥斯, 黑水河的英雄",跳蚤窝的戏法,"**在1个敌方完成1次近战攻击后：**
标记防御者外的另1个友方战斗单位。该单位执行1次布阵行动。如果本次目标为戴佛斯所在的单位，该单位可改为转向然后执行1次行军行动。/
**游戏开始前，从你的战术卡组中移除“最后一击”战术卡，然后将本卡加入至你的战术卡组。**",2021
40630,"戴佛斯·席渥斯, 黑水河的英雄",“一切”,"**任意轮次开始时：**
标记1个友方步兵单位。该单位遭受至多3点伤害，然后标记另1个友方步兵单位恢复1+等量的伤害。如果这两者都没有附属，你可以在恢复结算中附加1个已被摧毁的友方步兵附属至恢复伤害的单位处。",2021-S03
40631,"戴佛斯·席渥斯, 黑水河的英雄",忠于王冠,"**当1个敌方在1次恐慌检测中失败时：**
标记1个位于该敌方长距离范围内的友方单位。
本次检测中该敌方每遭受1点伤害，则该友方单位恢复1点伤害，至多3点。
如果你控制 [CROWN] ，该敌方单位遭受+1点伤害且友方单位恢复+1点伤害。*(最大数为4点)*。",2021-S03
40632,"戴佛斯·席渥斯, 黑水河的英雄",连本带利,"**当1个友方战斗单位激活时：**
本轮次中该单位无法执行行动。标记其短距离范围内的1个敌方。该敌方激活但无法执行任何行动。
如果标记戴佛斯·席渥斯所在的单位为目标，你可以让这两个单位都恢复2点伤害。",2021
40633,"安德鲁·伊斯蒙, 首席王党",突击号令,"**当1个友方NCU宣称1个区域时：**
替换该区域效果为：*1个友方战斗单位执行1次近战攻击行动。*
*如果目标为安德鲁·伊斯蒙所在的单位，该单位可以改为执行1次冲锋行动。*",S04
40634,"安德鲁·伊斯蒙, 首席王党",不计后果的狂怒,"**当1个友方单位执行1次近战攻击，在投掷攻击骰前：**
本次攻击获得**凶残**且攻击投掷最高攻击骰数。在本次攻击完成后，攻击者遭受2点伤害，每被摧毁1排则-1点伤害。",2021
40635,"安德鲁·伊斯蒙, 首席王党",侵略的冲动,"**当1个友方单位执行1次冲锋行动，在投掷冲锋距离骰前：**
本单位的冲锋距离骰投掷结果自动视为6，且近战攻击获得**致命一击**。
在本次攻击完成后，除非攻击者为安德鲁·伊斯蒙所在的单位，否则该单位获得**脆弱**。",2021
40636,"亚赛尔·佛罗伦, 首席后党",炙热的冲锋,"**当1个友方单位执行1次冲锋行动，在该行动结算前：**
本单位的冲锋距离骰投掷结果自动视为6且敌方被本单位成功冲锋后获得**恐慌**。
在本次攻击完成后，除非攻击者为拉赫洛单位，否则攻击者获得**脆弱**。",2021-S03
40637,"亚赛尔·佛罗伦, 首席后党",拉赫洛的愤怒,"**当1个友方NCU宣称1个区域：**
替换该区域效果为：
*标记1个敌方战斗单位。*
*该敌方遭受1次恐慌检测，且该敌方短距离范围内每有1个拉赫洛单位投掷结果-1。如果失败，除了遭受伤害，还获得**脆弱**和**力竭**。*",2021
40638,"亚赛尔·佛罗伦, 首席后党",炙热的决心,"**当1个拉赫洛单位激活时：**
本单位执行1次士气检测。
如果成功，1个与本单位交战的敌方遭受1次恐慌检测，本单位每剩余1排则投掷结果-1。
如果失败，1个与本单位交战的敌方获得**恐慌**。",2021-S03
40639,"史坦尼斯·拜拉席恩, 在绝境长城上的国王",集结,"**当友方骑兵单位执行撤退行动，在投掷撤退距离骰前：**
与本单位脱离交战的敌方无法执行转向。在本单位完成撤退行动后，本单位可以执行1次布阵行动。
如果目标单位为史坦尼斯·拜拉席恩所在的单位，可以恢复D3点伤害，每被摧毁1排则恢复+1点伤害。",2021
40640,"史坦尼斯·拜拉席恩, 在绝境长城上的国王",加快步伐！,"**当1个未交战的友方骑兵单位激活时：**
本轮次中限1次，如果该单位执行布阵行动，这次布阵行动获得+3 [MOVEMENT] 。然后，该单位获得**脆弱**。",2021
40641,"史坦尼斯·拜拉席恩, 在绝境长城上的国王",践踏他们！,"**当1个敌方结束1个布阵、行军或撤退行动时：**
标记长距离范围内可以冲锋该敌方的1个友方骑兵单位。
该单位对该敌方执行1次冲锋行动。如果成功冲锋该敌方，作为执行近战攻击的替代，该敌方获得**恐慌**且本单位每剩余1排则该敌方遭受2点命中。",2021
40642,"朱斯丁·马赛, 满面堆笑的",重组与改革,"**友方轮次开始时：**
标记2个互在对方长距离范围内的友方步兵单位。从其中1个单位处移除至多4个模型。另1个单位恢复与移除数量等量的伤害。
然后你可以从其中1个单位处将1个附属移动至另1个单位处*（如常替换模型，并遵循常规的附属限制）*，或这2个单位互换各自的友方附属。",2021
40643,"朱斯丁·马赛, 满面堆笑的",骤然撤退,"**在1个敌方完成1次近战攻击后：**
标记防御者为目标，使其执行1次撤退行动。
如果本次目标为朱斯丁·马赛所在的单位，则可以重投任意撤退距离骰。",2021
40644,"朱斯丁·马赛, 满面堆笑的",珍贵物资,"**当敌方完成1次近战攻击后：**
标记该防御者。该单位移除所有状态标记。如果该单位已被摧毁1排，则恢复1点伤害。如果该单位已被摧毁2排，则恢复3点伤害。如果目标单位为朱斯丁·马赛所在的单位，恢复+1点伤害。",2021
40645,"蓝礼·拜拉席恩, 全境守护",自负,"**当1个敌方结束布阵、行军或撤退行动时：**
标记该敌方长距离范围内1个可以冲锋该敌方的友方步兵单位。
该友方单位获得**脆弱**且以该敌方为目标执行1次冲锋行动。如果冲锋成功，替代近战攻击，友方单位每剩余1排则使该敌方遭受2点命中。如果目标单位为蓝礼·拜拉席恩所在的单位，可以重投任意冲锋距离骰。",2021
40646,"蓝礼·拜拉席恩, 全境守护",夏日骑士,"**友方轮次开始时：**
标记1个友方战斗单位。
该单位执行1次士气检测。每控制1个 [CROWN] 或 [LETTER] 区域则投掷结果+1。
如果成功，每个与该单位交战的敌方执行1次恐慌检测。
如果目标为蓝礼所在的单位，成功时，作为替代，每个位于短距离范围内的敌方执行1次恐慌检测。",2021-S03
40647,"蓝礼·拜拉席恩, 全境守护",奢华营地,"**每当1敌方NCU宣称1个区域时：**
在该区域效果结算后，移动该NCU至任意空余区域。
如果你将该NCU从 [CROWN] 或 [LETTER] 中移除，标记1个敌方战斗单位。该单位遭受1次恐慌检测。",2021-S03
40701,坦格利安基础卡组,蹂躏,"**当1个友方单位高歌猛进时：**
替代高歌猛进，该单位执行1次冲锋或行军行动。
如果你控制 [HORSE] ，该单位可以重投任意冲锋距离骰。",S04
40702,坦格利安基础卡组,骤然撤退,"**在1个敌方完成1次近战攻击后：**
防御者执行1次撤退行动。
如果防御者为你指挥官所在的单位，则可以重投任意撤退距离骰。",S04
40703,坦格利安基础卡组,迅速定位,"**任意轮次开始时：**
标记1个友方战斗单位为目标，使其调整2英寸。
如果你控制 [HORSE] ，作为替代，该单位执行3英寸的布阵行动。",2021
40704,坦格利安基础卡组,血与火,"**当1个友方单位执行1次近战攻击，在投掷攻击骰前：**
选择1项。如果你控制 [HORSE] ，则选择2项：
· 本次攻击可以重投任意未命中。
· 本次攻击获得**破甲**。
· 本次攻击获得**凶残**。",S04
40705,坦格利安基础卡组,战场控制,"**当1个NCU宣称 [HORSE] ：**
如果这个NCU是友方，你可以替换该区域效果为：
*1个友方战斗单位以+1 [MOVEMENT] 执行1次布阵或撤退行动。任何与其脱离的敌方获得**力竭**。*
*如果这个NCU是敌方，在结算该区域的效果后，1个友方战斗单位调整3英寸。",2021-S02
40706,坦格利安基础卡组,势不可挡的前进,"**当1个友方单位执行1次冲锋行动，在投掷冲锋距离骰后：**
本单位可以重投任意冲锋距离骰。/
**当1个友方单位高歌猛进时：**
本单位本次高歌猛进的布阵获得+3 [MOVEMENT] 。在移动结束后，标记短距离范围内的所有敌方。这些敌方获得**力竭**。",S04
40707,坦格利安基础卡组,真龙血脉,"**任意轮次开始时：**
标记1个友方战斗单位并附加本卡至该单位处直至游戏结束。当1个友方单位被摧毁时，在本卡上放置1枚号令标记。
本卡拥有标记期间，被附加单位的近战攻击骰子数+1且在恐慌检测失败时-1点伤害。",2021
40708,"卓戈·卡奥, 伟大的卡奥",杀了他！,"**当卓戈·卡奥所在的单位激活时：**
标记1个位于长距离范围内的敌方并附加本卡至该敌方处直至回合结束。
附加期间，对该敌方发起的近战攻击获得**致命一击**。当该敌方被摧毁时，获得1点胜利分数。如果本卡被移除且该敌方未被摧毁，你对手获得1点胜利分数。/
**友方轮次开始时：**
抓取1张战术卡。",2021
40709,"卓戈·卡奥, 伟大的卡奥",骑乘攻击,"**当1个友方骑兵单位在其激活期间选择其行动时，在结算该行动前：**
作为它的行动，该单位即使处于交战中，也可以先转向然后执行1次行军行动。在本次行军中该单位可以移动穿越敌方。该单位脱离的敌方无法转向。
本次行军完成后，1个被其穿越过的敌方遭受1点伤害，该敌方每剩余1排则+1点伤害。",2021
40710,"卓戈·卡奥, 伟大的卡奥",突击号令,"**当1个友方NCU宣称1个区域时：**
替换该区域效果为：*1个友方战斗单位执行1次近战攻击行动。*
*如果目标为卓戈·卡奥所在的单位，该单位可以改为执行1次冲锋行动。*/
**在游戏开始前，从你的战术卡组中移除""骤然撤退""战术卡，然后将本卡加入至你的战术卡组中。",S04
40711,"卓戈·卡奥, 伟大的卡奥",以身作则,"**卓戈·卡奥所在的单位完成1次攻击后：**
附加本卡至长距离范围内的另1个友方单位直至该回合结束。
附加期间，本单位的恐慌检测投掷结果+2且近战攻击的攻击骰投掷结果+1。/
**友方轮次开始时：**
抓取1张战术卡。",2021
40712,"乔拉·莫尔蒙, 维斯特洛战术家",集结备战,"**当1个未交战的友方骑兵激活时：**
本轮次仅1次，如果该单位即将执行布阵行动，作为执行该行动的替代，该单位可以恢复3点伤害且移除1枚状态标记。",2021
40713,"乔拉·莫尔蒙, 维斯特洛战术家",背叛,"**当1个友方NCU宣称1个区域时：**
替换该区域效果为：
获得1点胜利分数，抓取1张战术卡，且乔拉·莫尔蒙所在的单位恢复3点伤害。你对手可以附加**背叛**卡至1个友方战斗单位处直至游戏结束。附加期间，每当该单位激活时，该单位遭受1点伤害。当该单位被摧毁时，你的对手获得1点胜利分数。",2021
40714,"乔拉·莫尔蒙, 维斯特洛战术家",机会主义者,"**当1个友方单位执行1次近战攻击，在投掷攻击骰前：**
如果防御者在本回合中还未激活，本次攻击可以重投任意攻击骰且获得**精准**或**凶残**。如果攻击者为乔拉·莫尔蒙所在的单位，改为两种效果都获得。",2021
40715,"乔拉·莫尔蒙, 维斯特洛战术家",声东击西,"**当1个友方单位成功冲锋时：**
如果该单位与敌方的正面对齐，作为替代，将该单位对准该敌方的任意侧翼。
如果该单位与敌方的侧翼对齐，作为替代，将该单位对准该敌方的后方。/
**游戏开始前，从你的战术卡组中移除“蹂躏”战术卡，然后将本卡加入至你的战术卡组。**",2021
40716,"贝沃斯, 壮汉",可悲的尝试,"**当1个友方单位通过1次因近战攻击而产生的恐慌检测时：**
标记攻击者为目标。防御者每剩余1排则使攻击者遭受2点命中。
如果防御者为贝沃斯所在的单位，攻击者同时获得**力竭**。/
**游戏开始前，从你的战术卡组中移除 ""战场控制"" 战术卡，然后将本卡加入至你的战术卡组。**",2021-S03
40717,"贝沃斯, 壮汉",专业格挡,"**当1个友方骑兵或步兵单位被攻击，在投掷防御骰后：**
每点被格挡的命中使攻击者遭受1点命中。
如果防御者为贝沃斯所在的单位，则攻击者因这些命中而造成的防御骰投掷结果-1。",2021-S01
40718,"贝沃斯, 壮汉",死得好,"**当1个友方骑兵或步兵单位被摧毁时：**
在移除前，该单位使用最低攻击骰数对攻击者执行1次近战攻击行动。如果本次目标为贝沃斯所在的单位，该单位攻击骰数量+2。
如果此次攻击摧毁了该敌方单位，则你的友方单位免于被摧毁，改为以剩余1点伤害的状态存活于战场中。",2021
40719,"贝沃斯, 壮汉",数下切口,"**当1个敌方完成1次近战攻击：**
标记防御者为目标。附加本卡至该单位直至其以攻击的方式摧毁敌方。本卡被移除时，获得1点胜利分数。
附加期间，本单位无法恢复伤害，但士气检测投掷结果+2且近战攻击总是投掷最高攻击骰数。
当本单位被摧毁时，你的对手获得1点胜利分数。",2021-S03
40720,"巴利斯坦·赛尔弥, 无畏的",持续突击,"**当1个友方单位执行1次近战攻击，在投掷攻击骰前：**
如果本单位与防御者自轮次开始时即处于交战中，本单位攻击投掷最高攻击骰数。
如果目标为巴利斯坦所在的单位，可以重投任意攻击骰。/
**游戏开始前，从你的战术卡组中移除“骤然撤退”战术卡，然后将本卡加入至你的战术卡组。**",2021-S03
40721,"巴利斯坦·赛尔弥, 无畏的",非凡的战斗力,"**当1个敌方成为能力或战术卡的目标时：**
你可以从该敌方处消耗1枚状态标记。如果这么做，取消该能力或战术卡的效果。/
**友方轮次开始时：**
标记1个交战的友方战斗单位。从该单位处移除1枚状态标记。",2021
40722,"巴利斯坦·赛尔弥, 无畏的",传奇的无畏者,"**回合开始时：**
标记巴利斯坦·赛尔弥所在的单位并附加本卡至该单位处直至回合结束。附加期间，当本单位通过恐慌检测时，短距离范围内的所有敌方获得**恐慌**。如果本单位被摧毁，你的对手获得1点胜利分数。当本卡被移除时，如果本单位处于交战，获得1点胜利分数。/
**任意轮次开始时：**
抓取1张战术卡。",2021
40723,"巴利斯坦·赛尔弥, 无畏的",胜利来之不易,"**当1个友方战斗单位被攻击后，如果该单位通过了恐慌检测：**
附加本卡至该单位处直至其恐慌检测失败。
附加期间，本单位的近战攻击获得**破甲**且攻击骰投掷结果+1。
当本卡被移除，本单位获得**力竭**和**脆弱**。",2021-S03
40724,"灰虫子, 无垢者指挥官",发布命令,"**当你的指挥官所在的单位激活时：**
在本轮次中该单位无法执行行动。作为替代，标记长距离范围内的另1个友方单位执行1次攻击或冲锋行动。/
**任意轮次开始时：**
标记1个友方战斗单位。从该单位处移除1枚号令标记。在本回合中，该单位可以再次使用该号令。",2021
40725,"灰虫子, 无垢者指挥官",痛斥狠打,"**在1个敌方完成1次近战攻击后：**
如果防御者未被摧毁，防御者每有1排被摧毁则攻击者遭受2点伤害。如果防御者为灰虫子所在的单位，攻击者获得**脆弱**。/
**游戏开始前，从你的战术卡组中移除“真龙血脉”战术卡，然后将本卡加入至你的战术卡组。**",2021
40726,"灰虫子, 无垢者指挥官",持久战,"**友方轮次开始时：**
标记1个友方战斗单位并将本卡附加至该单位处直至游戏结束。附加期间，根据当前游戏回合数，本单位的近战获得下述效果*（效果可以累加）*：
**3+：**可以重投任意未命中
**4+：破甲**
**5+：致命一击**
**6+：**攻击骰数量+2",2021
40727,"灰虫子, 无垢者指挥官",龙的报应,"**当1个友方单位被敌方的近战攻击所摧毁：**
标记该敌方并附加本卡至该敌方处直至游戏结束。
附加期间，当该敌方被摧毁时，获得1点胜利分数。当该敌方被攻击时，如果灰虫子所在的单位在该敌方的短距离范围内，该敌方获得**脆弱**。",2021
40728,"丹妮莉丝·坦格利安, 龙之母",龙焰！,"**当丹妮莉丝所在的单位激活时：**
替代执行行动，选择位于短距离范围内的1个友方卓耿、雷哥或韦赛利昂单位。该单位执行1次近战攻击行动。/
**任意轮次开始时：**
抓取1张战术卡。",2021-S03
40729,"丹妮莉丝·坦格利安, 龙之母",龙骑士,"**当1个敌方在丹妮莉丝所在的单位短距离范围内结束移动时：**
标记1个友方卓耿、雷哥或韦赛利昂单位。该单位执行1次布阵行动。/
**任意轮次开始时：**
抓取1张战术卡。",2021-S03
40730,"丹妮莉丝·坦格利安, 龙之母",火之承诺,"**当1个敌方NCU激活时：**
在本次激活中如果该NCU宣称1个区域，附加本卡至1个敌方战斗单位。该单位遭受1次恐慌检测。如果该单位在本次检测中被摧毁，或附加期间被卓耿、雷哥或韦赛利昂单位摧毁，获得1点胜利分数。如果1个你的卓耿、雷哥或韦赛利昂单位被摧毁，移除本卡且你的对手获得1点胜利分数。",2021
40731,"丹妮莉丝·坦格利安, 龙之母",火炼金身,"**当敌方攻击1个友方卓耿、雷哥或韦赛利昂单位，在投掷防御骰后：**
每2点未格挡的命中使防御者仅遭受1点伤害。/
**游戏开始前，从你的战术卡组中移除“蹂躏”战术卡，然后将本卡加入至你的战术卡组。**",2021-S03
40732,"丹妮莉丝·坦格利安, 弥林女王",坦格利安至高无上,"**在1个敌方完成1次攻击后：**
该敌方遭受1次恐慌检测。
如果该单位与丹妮莉丝所在单位处于交战中，则防御者每剩余1排，该敌方的恐慌检测即投掷结果-1，且失败后遭受的伤害+1。",2021-S03
40733,"丹妮莉丝·坦格利安, 弥林女王",将计就计,"**当1个对手打出1张战术卡，在该卡结算前：**
投掷1颗骰子：结果为3+时，取消该战术卡的效果。
如果你控制 [CROWN] 或 [SWORDS] ，则改为结果为2+时，取消该战术卡的效果。
如果你同时控制2个，本次投掷视为自动成功。/
**游戏开始前，从你的战术卡组中移除“迅速定位”战术卡，然后将本卡加入至你的战术卡组。",2021-S03
40734,"丹妮莉丝·坦格利安, 弥林女王",武力征服,"**当1个敌方战斗单位激活时：**
该敌方执行1次恐慌检测。每控制1个 [CROWN] 或 [SWORDS] 区域，该敌方的投掷结果-1。
如果失败，该敌方无法成为友方战术卡的目标且失去所有的能力直至轮次结束。",2021-S03
40735,"丹妮莉丝·坦格利安, 弥林女王",无情的例子,"**当1个友方单位完成1次近战攻击后：**
如果本次攻击摧毁敌方1排，标记该敌方长距离范围内的另1个敌方。目标敌方获得**恐慌**。如果本次攻击摧毁敌方，在其短距离范围内能完全放下且不与其他地形板块重叠的任意位置放置1块带有下述关键词的尸体堆：
· **阻碍**
· **恶兆**：敌方位于短距离范围内时，士气检测遭受结果-1且恐慌检测失败时受到的伤害+1。",2021
40736,"达里奥·纳哈里斯, 暴鸦团团长",佣兵的谈判,"**当1个友方NCU宣称1个区域：**
替换该区域效果为：
*直至回合结束，你视为控制 [MONEY] 。1个友方战斗单位恢复2点伤害。如果该目标为暴鸦团单位，每有1排被摧毁则恢复+1点伤害。*",2021
40737,"达里奥·纳哈里斯, 暴鸦团团长",虚张声势的佣兵,"**友方轮次开始时：**
标记1个友方战斗单位。该单位执行1次士气检测。如果该单位为暴鸦团所在的单位，士气检测投掷结果+2。
如果成功，标记1个位于长距离范围内的敌方。该敌方获得**恐慌**和**力竭**。",2021
40738,"达里奥·纳哈里斯, 暴鸦团团长",鲁莽打击,"**当1个友方战斗单位执行1次近战攻击，在投掷攻击骰前：**
本次攻击获得**致命一击**和**精准**。攻击骰结果每有1个1则攻击者遭受1点伤害。
如果目标为暴鸦团单位，则本次攻击投掷最高攻击骰数。",2021
40739,"达里奥·纳哈里斯, 暴鸦团团长",仓促进攻,"**任意回合开始时：**
标记1个友方战斗单位为目标。该单位执行1次攻击行动。
在该攻击完成后，你的对手可以激活1个NCU。/
**游戏开始前，从你的战术卡组中移除“血与火”战术卡，然后将本卡加入至你的战术卡组。**",2021
40740,"弥桑洛, 龙之母仆从军团指挥官",龙之崇拜者,"**当友方NCU控制 [SWORDS] 时：**
用下述效果替换该区域的原效果：
*将1队被解放的奴隶单位部署到战场友方桌边的长距离范围内，或部署到弥桑洛单位的短距离范围内，且与任何敌方单位保持至少1英寸的距离。*",2021
40741,"弥桑洛, 龙之母仆从军团指挥官",毁灭性冲击,"**当1个友方单位执行1次冲锋行动，在投掷冲锋距离骰前：**
被本单位成功冲锋的敌方获得**恐慌**和**脆弱**。
如果本次目标为弥桑洛所在的单位，本单位可以重投任意冲锋距离骰。",2021-S03
40742,"弥桑洛, 龙之母仆从军团指挥官",战吼,"**当1个友方战斗单位激活时：**
该单位执行1次士气检测。
如果成功，标记1个长距离范围内的敌方。该敌方获得**恐慌**或**脆弱**。
如果本单位为弥桑洛所在的单位，如果成功，作为替代，该敌方获得**恐慌**和**脆弱**。",2021-S03
40743,"弥桑洛, 龙之母仆从军团指挥官",紧急援助,"**友方轮次开始时：**
标记1个友方战斗单位。该单位遭受至多3点伤害。长距离范围内的另1个友方单位恢复与其所受伤害相应数量+1点的伤害。/
**游戏开始前，从你的战术卡组中移除“战场控制”战术卡，然后将本卡加入至你的战术卡组。**",2021
40744,"斯卡拉茨·莫·坎塔, 圆颅大人",维和,"**当敌方NCU激活时：**
标记位于斯卡拉茨所在单位长距离范围内的1个敌方战斗单位。
直至该轮次结束，该敌方无法成为战术区域效果的目标。/
**友方轮次开始时：**
抓取1张战术卡。",2021
40745,"斯卡拉茨·莫·坎塔, 圆颅大人",女王的法律,"**当敌方战斗单位完成1次攻击后：**
附加本卡至该敌方单位直至本回合结束。附加期间，当处于友方轮次，该敌方失去所有的能力，且无法成为友方战术卡的目标。当该敌方被摧毁时，获得1点胜利点数。如果本卡移除或该敌方未被摧毁，你的对手获得1点胜利点数。",2021
40746,"斯卡拉茨·莫·坎塔, 圆颅大人",监视之眼,"**敌方轮次开始时：**
标记位于斯卡拉茨所在单位的长距离范围内至多2个敌方战斗单位。
如果任何1个单位在本轮次执行行动，该单位遭受-1 [MOVEMENT] 且攻击骰投掷数量-1直至本轮次结束。/
**友方轮次开始时：**
抓取一张战术卡。",2021
40747,"斯卡拉茨·莫·坎塔, 圆颅大人",吉斯卡利的正义,"**当友方战斗单位成为敌方能力或战术卡目标，在该能力或卡牌效果结算后：**
标记该友方单位的短距离范围内的1个敌方。该敌方遭受4点命中，然后遭受1次恐慌检测。/
**游戏开始前，从你的战术卡组中移除“势不可挡”战术卡，然后将本卡加入至你的战术卡组。**",2021
40801,葛雷乔伊基础卡组,强取胜于苦耕,"**当1个友方NCU宣称1个区域时：**
替换该区域效果为：
*1友方战斗单位执行1次攻击行动。*
*如果敌方控制 [MONEY] ，该单位恢复1点伤害，且每有1排已被摧毁则恢复+1点伤害。*",2021
40802,葛雷乔伊基础卡组,逝者不死,"**当1个友方战斗单位即将被摧毁：**
该单位不被摧毁，作为替代，以剩余1点伤害继续留在战场上。/
**友方轮次开始时：**
标记1个友方战斗单位。
该单位恢复1点伤害，每被摧毁1排则恢复+1点伤害。",2021-S03
40803,葛雷乔伊基础卡组,海怪之怒,"**当1个友方单位执行近战攻击，在投掷攻击骰前：**
如果你控制 [SWORDS] ，则此次攻击获得**精准**。
如果1个对手控制 [SWORDS] ，则此次攻击可重投任意攻击骰，并获得**精准**。
如果你控制 [MONEY] ，则防御者获得**恐慌**。
如果1个对手控制 [MONEY] ，则防御者获得**脆弱**。",2021
40804,葛雷乔伊基础卡组,铁的代价,"**友方轮次开始时：**
标记1个友方战斗单位并选择1项：
· 该单位可以移除1枚状态标记。你可以从该单位处移除1枚劫掠标记。如果这么做，该单位恢复2点伤害，且每有1排已被摧毁则恢复+1点伤害。
· 本轮次中，该单位攻击投掷最高攻击骰数。你可以从该单位处移除1枚劫掠标记。如果这么做，本轮次中，该单位可以重投任意攻击骰。",S04
40805,葛雷乔伊基础卡组,手指舞,"**友方轮次开始时：**
标记1个友方战斗单位。附加本卡至该单位处直至游戏结束。附加期间，每当执行近战攻击，在攻击骰投掷前，攻击者可以遭受至多2点伤害。每遭受1点伤害，选择1项：
· 防御者获得**恐慌**。
· 防御者获得**脆弱**。
· 本次攻击可以重投任意攻击骰。",S04
40806,葛雷乔伊基础卡组,劫掠召唤,"**当1个友方葛雷乔伊步兵单位激活时：**
移除长距离范围内另1个友方葛雷乔伊步兵单位至多3个模型和至多1枚劫掠标记。本单位恢复1+移除模型数量的伤害，并获得移除的劫掠标记。
如果任意玩家控制 [MONEY] ，1个友方葛雷乔伊步兵单位获得1枚劫掠标记。",S04
40807,葛雷乔伊基础卡组,给予他坚石的祝福，给予他钢铁的祝福,"**当1个友方战斗单位激活时：**
标记1个与该单位交战中的敌方。该敌方每被摧毁1排，本单位恢复2点伤害。
如果你控制 [MONEY] 或 [SWORDS] ，你每控制1个指定区域则本单位恢复+1点伤害或移除1枚状态标记。",2021
40808,"阿莎·葛雷乔伊, 海怪之女",铁种的勇气,"**当1个友方单位通过士气检测时：**
该单位恢复2点伤害。
如果该友方单位位于阿莎·葛雷乔伊所在的单位的短距离范围内，该单位每有1排被摧毁则恢复+1点伤害。",2021
40809,"阿莎·葛雷乔伊, 海怪之女",掠夺者的勇气,"**当1个友方单位通过士气检测时：**
附加本卡至该单位处直至其士气检测失败。
附加期间，当本单位攻击时，如果拥有全部排数，攻击骰数量+1。否则，视为拥有+1排。",2021
40810,"阿莎·葛雷乔伊, 海怪之女",战吼,"**当1个友方战斗单位激活时：**
该单位执行1次士气检测。
如果成功，标记1个长距离范围内的敌方。该敌方获得**恐慌**或**脆弱**。
如果本单位为阿莎所在的单位，如果成功，作为替代，该敌方获得**恐慌**和**脆弱**。",2021-S03
40811,"维克塔利昂·葛雷乔伊, 铁舰队总司令",侵略的冲动,"**当1个友方单位执行1次冲锋行动，在投掷冲锋距离骰前：**
本单位冲锋距离骰投掷结果自动视为6，且近战攻击获得**致命一击**。
本次攻击结束后，除非攻击者为维克塔利昂·葛雷乔伊所在的单位，否则该单位获得**脆弱**。",2021
40812,"维克塔利昂·葛雷乔伊, 铁舰队总司令",突击号令,"**当1个友方NCU宣称1个区域时：**
替换该区域效果为：
*1个友方战斗单位执行1次近战攻击行动。*
*如果目标为维克塔利昂·葛雷乔伊所在的单位，该单位可以改为执行1次冲锋行动。*",2021
40813,"维克塔利昂·葛雷乔伊, 铁舰队总司令",持续突击,"**当1个友方单位执行1次近战攻击，在投掷攻击骰前：**
如果本单位与防御者自轮次开始时即处于交战中，本单位攻击投掷最高攻击骰数。
如果目标为维克塔利昂·葛雷乔伊所在的单位，可以重投任意攻击骰。",2021-S03
40814,"席恩·葛雷乔伊, 临冬城的“王子”",机会主义者,"**当1个友方单位执行1次近战攻击，在投掷攻击骰前：**
如果防御者在本回合中还未激活，本次攻击可以重投任意攻击骰且获得**精准**或**凶残**。如果攻击者为席恩·葛雷乔伊所在的单位，改为两种效果都获得。",2021
40815,"席恩·葛雷乔伊, 临冬城的“王子”",牵制战术,"**当1个敌方完成1次近战攻击后：**
标记防御者长距离范围内的另1个友方单位。该单位执行1次布阵行动。",2021
40816,"席恩·葛雷乔伊, 临冬城的“王子”",赤裸的暴露,"**当1个友方单位成功冲锋时：**
选择1项；如果你控制 [SWORDS] ，选择2项：
· 本轮次中，敌方被本单位成功冲锋后无法成为其友方号令或战术卡的目标。
· 攻击者攻击时使用最高攻击骰数。",2021-S03
40817,"巴隆·葛雷乔伊, 海怪王",可接受的牺牲,"**友方轮次开始时：**
标记巴隆·葛雷乔伊所在的单位以外的另1个友方战斗单位，你可以让该单位遭受至多2点伤害且获得**恐慌**。如果你这么做，标记长距离范围内的1个友方葛雷乔伊单位。使其获得等量于友方所受伤害数的劫掠标记。",2021-S03
40818,"巴隆·葛雷乔伊, 海怪王",失败的代价,"**当1个友方单位执行1次近战攻击，在攻击骰投掷前：**
本次攻击中所有的攻击骰结果自动命中。
在本次攻击完成后，如果防御者未被摧毁，攻击者获得**恐慌**和**脆弱**。",2021-S03
40819,"巴隆·葛雷乔伊, 海怪王",古道,"**当1个友方单位执行1次士气检测，在投骰后：**
如果本单位拥有1枚劫掠标记，即可重投本次检测的任意骰子；
如果本单位拥有2枚劫掠标记，作为替代，自动通过本次检测。/
**当1个友方单位执行1次攻击，在投掷攻击骰后：**
如果本单位拥有1枚劫掠标记，防御者获得**脆弱**；
如果本单位拥有2枚劫掠标记，则可以重投任意攻击骰。",2021-S03
40820,"攸伦·葛雷乔伊, 铁群岛之王",狡猾的手段,"**友方轮次开始时：**
弃置另1张战术卡。如果这么做，从你对手的弃牌堆中拿取1张卡并加入至你的手牌中。
当该卡结算后，将该卡返还至你对手的弃牌堆里。
将该卡的指挥官名字替换为攸伦·葛雷乔伊。",2021
40821,"攸伦·葛雷乔伊, 铁群岛之王",狡猾的计谋,"**当1个友方战斗单位激活时：**
在本轮次中该单位无法执行行动。作为替代，另1个友方战斗单位执行1次布阵、行军或撤退行动。
如果是攸伦·葛雷乔伊所在的单位，在该单位执行本次行动前，长距离范围内的1个敌方获得**脆弱**。",2021
40822,"攸伦·葛雷乔伊, 铁群岛之王",心理游戏,"**友方轮次开始时：**
标记1个战术区域。
本回合中的余下时间里，该区域被宣称时，在结算该区域的效果后，未宣称该区域的玩家可以立即激活该区域的效果。",2021
40823,"艾里·艾枚克, 破砧者",铁的耐力,"**当1个敌方执行1次近战攻击，在投掷防御骰后：**
标记防御者，该防御者格挡+1点命中。如果目标为葛雷乔伊单位，在攻击完成后，附加本卡至该单位处直至游戏结束。
附加期间，根据劫掠标记数量，本单位获得下述效果*(效果可以累加)*：
**· 1+：**每当本单位被攻击，在攻击完成后，与本单位交战中的1个敌方获得**力竭**。
**· 2：**每当本单位通过士气检测时，恢复1点伤害。",2021-S03
40824,"艾里·艾枚克, 破砧者",钢铁的力量,"**当1个友方单位执行1次近战攻击，在投掷攻击骰前：**
从攻击者处移除任意数量的劫掠标记。
每移除1枚标记，选择1项：
· 可以重投任意攻击骰。
· 本次攻击获得**精准**。
· 本次攻击获得**凶残**。
*（被移除的标记在攻击期间仍然对发生的任何效果有效。）*",2021
40825,"艾里·艾枚克, 破砧者",金子的诱惑,"**当1个友方单位执行1次士气检测，在投骰后：**
本次检测中，该单位可以重投任意骰子。如果成功，且目标为葛雷乔伊单位，附加本卡至该单位处直至游戏结束。
附加期间，根据劫掠标记数量，本单位获得下述效果*(效果可以累加)*：
**· 1+：**士气检测结果+1。
**· 2：**如果本单位即将获得劫掠标记，作为替代，恢复1点伤害。",2021-S03
40826,"贝勒·布莱克泰斯, 黑潮岛领主",痛斥狠打,"**在1个敌方完成1次近战攻击后：**
如果防御者未被摧毁，防御者每有1排被摧毁则攻击者遭受2点伤害。如果防御者为贝勒·布莱克泰斯所在的单位，攻击者获得**恐慌**。",2021
40827,"贝勒·布莱克泰斯, 黑潮岛领主",布莱克泰斯的怨恨,"**任意轮次开始时：**
附加本卡至1个友方战斗单位处。如果本单位恢复伤害，移除本卡。
当本单位执行1次近战攻击时，每有1排被摧毁，选择1项：
· 本单位每有1排被摧毁，则投+1攻击骰，且攻击骰投掷结果+1。
· 本次攻击获得**凶残**，且如果防御者在恐慌检测中失败，本单位每有1排被摧毁，则防御者遭受+1点伤害。",2021
40828,"贝勒·布莱克泰斯, 黑潮岛领主",布莱克泰斯的信念,"**当1个友方单位执行1次士气检测，在投骰后：**
本单位每被摧毁1排则投掷结果+1，且与本单位交战的所有敌方每被摧毁1排则投掷结果额外+1。",2021
40829,"裂颚达格摩, 军队教头",对荣耀的渴望,"**任意轮次开始时：**
附加本卡至1个友方战斗单位处直至回合结束。
附加期间，本单位视为拥有2枚劫掠标记且攻击骰投掷结果+1。
附加期间，本单位防御骰投掷结果-1。",2021
40830,"裂颚达格摩, 军队教头",协调策略,"**任意轮次开始时：**
标记2个互在对方短距离范围内的友方步兵单位。
直至轮次结束，双方拥有对方的任意非固有能力。
你可以立即对这两者中的任意1个单位触发1个未使用的“在轮次开始时”号令。",2021-S02
40831,"裂颚达格摩, 军队教头",以铁换取的知识,"**任意轮次开始时：**
你可以从1个友方单位处弃置1枚劫掠标记。如果你这么做，选择1项：
· 从你的弃牌堆中返回1张战术卡至你的手牌中。
· 查看你对手的手牌并弃置1张战术卡。",2021-S03
40901,马泰尔基础卡组,有利站位,"**当1个敌方执行1次冲锋行动，在该行动结算前：**
如果该敌方冲锋1个单位的正面，当冲锋距离骰投掷结果为3或更少时，该敌方遭受无序的冲锋。
如果该敌方遭受无序的冲锋，该敌方获得**脆弱**。",2021
40902,马泰尔基础卡组,不屈不挠,"**当1个友方单位执行恐慌检测，在投掷骰子后：**
本次检测中该单位可以重投任意骰子。如果你控制 [SWORDS] ，自动通过本次检测。标记1个位于该单位长距离范围内的敌方并附加本卡至该敌方处直至该敌方成为 [SWORDS] 的目标或直至1个友方战斗单位被摧毁。附加期间，该敌方遭受士气检测投掷结果-2。",2021
40903,马泰尔基础卡组,罗伊拿式复仇,"**任意轮次开始时：**
标记1个敌方战斗单位为目标且附加本卡至该敌方直至游戏结束。当1个友方步兵或骑兵单位被摧毁时，放置1枚号令标记在本卡上。
本卡拥有标记期间，每次本单位攻击时，每有1个攻击骰结果为1，遭受1点伤害。本卡拥有标记期间且本单位的对手控制 [CROWN] 时，每当本单位被标记为战术区域效果的目标时，在结算该区域效果前，本单位遭受1点伤害。",2021
40904,马泰尔基础卡组,沙地外交,"**任意回合开始时：**
你的对手选择1个战术区域。然后，你选择1个战术区域。在本回合中，当玩家第1次宣称其中1个区域时，在结算该区域效果后，宣称该区域玩家的对手可以标记至多2个敌方战斗单位。这些单位获得**脆弱**和**力竭**。",S04
40905,马泰尔基础卡组,炎炎灼日,"**当1个敌方战斗单位激活时：**
附加本卡至该单位直至其成为 [SWORDS] 的目标。
附加期间，基于游戏当前的回合数，本单位遭受下述效果*（效果可以重复选择）*：
**2+：**单位无法成为友方战术卡的目标。
**3+：**单位的攻击骰投掷结果-1。
**4+：**单位无法恢复伤害。",2021
40906,马泰尔基础卡组,诡计,"**当1个友方战斗单位激活时：**
本轮次中本单位无法执行行动。作为替代，选择1个其他友方战斗单位。该单位执行1次布阵、行军或撤退行动。
如果你控制 [SWORDS] ，则在该单位执行本行动前，长距离范围内的1个敌方获得**脆弱**。",2021
40907,马泰尔基础卡组,沙丘战术,"**当1个敌方单位执行近战攻击，在攻击骰投掷前：**
如果防御者比攻击者拥有相同或更多的已被摧毁的排，本次投掷最低攻击骰数。
如果你控制 [CROWN] ，本次攻击完成后，攻击者获得**脆弱**和**恐慌**。",2021
40908,"奥伯伦 ·马泰尔, 多恩亲王",意外的衰竭,"**当1个敌方战斗单位激活时：**
该敌方获得**脆弱**。附加本卡至该敌方单位处直至脆弱标记被移除。本卡附加期间，每当该单位攻击时，该单位攻击骰结果-1。本卡附加期间，每当本单位攻击奥伯伦所在的单位，在攻击骰投掷前，攻击者获得**力竭**。",S04
40909,"奥伯伦 ·马泰尔, 多恩亲王",号令拦截,"**当对手标记1个单位为战术区域的目标：**
投掷1颗骰子。结果为3+时，你的对手必须选择另1个单位成为该区域的目标*(如果可以)*。
如果你控制 [CROWN] ，你可以重投这颗骰子。
如果新标记的单位位于奥伯伦所在单位的长距离范围内，该单位获得一枚状态标记。",2021-S03
40910,"奥伯伦 ·马泰尔, 多恩亲王",红毒蛇的恶名,"**当1个敌方战斗单位激活时：**
如果该敌方位于奥伯伦所在单位的长距离范围内，本轮次中，该敌方遭受-2 [MOVEMENT] 。
本轮次中，如果该敌方冲锋失败，该敌方获得**脆弱**。 /
**任意轮次开始时：**
选择1项：
· *抓取1张战术卡。*· *如果奥伯伦所在的单位处于交战中，搜索你的战术卡组或弃牌堆中1张指挥官战术卡并加入至你的手牌中。*",S04
40911,"道朗· 马泰尔, 阳戟城领主",虚假议程,"**当1个敌方NCU激活时：**
本轮次中如果该NCU宣称1个区域，在该区域效果结算后，你可以移动该NCU至任意未被宣称的区域。
如果你从 [CROWN] 处移除该NCU，标记1个敌方战斗单位为目标。该单位获得1枚状态标记。",2021
40912,"道朗· 马泰尔, 阳戟城领主",连本带利,"**当1个友方战斗单位激活时：**
本轮次中该单位无法执行行动。标记其短距离范围内的1个敌方。该敌方激活但无法执行任何行动。
如果标记阿力欧·何塔所在的单位为目标，你可以让这两个单位都恢复2点伤害。",2021
40913,"道朗· 马泰尔, 阳戟城领主",时机成熟,"**当1个友方NCU宣称 [CROWN] 时：**
将该区域效果替换为：
*所有敌方战斗单位获得**脆弱**。*",2021
40914,"奥芭娅·沙德, 长姐",持续突击,"**当1个友方单位执行1次近战攻击，在投掷攻击骰前：**
如果本单位与防御者自轮次开始时即处于交战中，本单位攻击投掷最高攻击骰数。
如果目标为奥芭娅所在的单位，则可以重投任意攻击骰。",S04
40915,"奥芭娅·沙德, 长姐",鲁莽打击,"**当友方单位执行1次近战攻击，在攻击骰投掷前：**
本单位的近战攻击获得**致命一击**和**精准**。每有一颗攻击骰投掷结果为1则攻击者遭受1点伤害。
如果目标是奥芭娅·沙德所在的单位，本次攻击投掷最高攻击骰数。",2021
40916,"奥芭娅·沙德, 长姐",沙漠的馈赠,"**当敌方单位完成1次行动后：**
如果该单位完成行动后位于奥芭娅·沙德单位的长距离范围内，该单位获得**恐慌**和**力竭**。/
**任意轮次开始时：**
抓取1张战术卡。",2021
40917,"哈曼· 乌勒, 狱门堡伯爵",戒备冲锋,"**当1个友方单位遭受成功的冲锋，在攻击者的近战攻击结算前：**
如果该友方单位未与其他敌方处于交战，且本次冲锋接战在正面或侧翼，在攻击者的近战攻击结算前，该友方单位可以对攻击者执行1次近战攻击。",2021
40918,"哈曼· 乌勒, 狱门堡伯爵",持久战,"**友方轮次开始时：**
标记1个友方战斗单位并将本卡附加至该单位处直至游戏结束。附加期间，根据当前游戏回合数，本单位的近战获得下述效果 *（效果可以累加）*：
**3+：**可以重投任意未命中
**4+：破甲**
**5+：致命一击**
**6+：**攻击骰数量+2",2021
40919,"哈曼· 乌勒, 狱门堡伯爵",恶意的休战,"**当敌方单位通过士气检测：**
标记该敌方单位长距离范围内的1个友方战斗单位。该友方单位恢复2点伤害，且每被摧毁1排则恢复+1点伤害。",2021
40920,"戴蒙·沙德, 复仇的骑士",复仇的欲望,"**任意回合开始时：**
标记1个友方战斗单位。该单位执行1次攻击行动。
如果本次目标为戴蒙·沙德所在的单位，该单位获得攻击骰投掷结果+1。
在该攻击完成后，你的对手可以激活1个NCU。",2021
40921,"戴蒙·沙德, 复仇的骑士",协调密谋,"**当1个友方单位完成1次近战攻击后：**
标记位于该攻击者长距离范围内的另1个友方战斗单位。该单位执行1次布阵或撤退行动。",2021
40922,"戴蒙·沙德, 复仇的骑士",可悲的尝试,"**当1个友方单位通过1次因近战攻击而产生的恐慌检测时：**
标记攻击者为目标。防御者每剩余1排则攻击者遭受2点命中。
如果防御者为戴蒙·沙德所在的单位，攻击者获得**力竭**。",2021
40923,"杰洛·戴恩, 暗黑之星",孤单的骑士,"**友方轮次开始时：**
标记杰洛·戴恩所在的单位 。如果没有其它友方单位位于其长距离范围内，杰洛·戴恩所在的单位可以执行1次布阵或行军行动。/
**任意轮次开始时：**
抓取1张战术卡。",2021-S03
40924,"杰洛·戴恩, 暗黑之星",突袭之计,"**敌方轮次开始时：**
标记战术版上的1个区域。
直至该轮次结束，当1个敌方NCU宣称该区域时，杰洛·戴恩所在的单位可以执行1次冲锋行动。/
**任意轮次开始时：**
抓取1张战术卡。",2021
40925,"杰洛·戴恩, 暗黑之星",鲁莽打击,"**当1个友方战斗单位执行1次近战攻击，在投掷攻击骰前：**
本次攻击获得**致命一击**和**精准**。攻击骰结果每有1个1则攻击者遭受1点伤害。
如果目标为杰洛·戴恩所在的单位，则本次攻击投掷最高攻击骰数。",2021
41001,波顿基础卡组,无情的例子,"**当1个友方单位完成近战攻击后：**
如果本次攻击摧毁敌方1排， 标记该敌方长距离范围内的另1个敌方。目标敌方获得**恐慌**。如果本次攻击摧毁敌方，在其短距离范围内能完全放下且不与其他地形板块重叠的任意位置放置1块带有下述关键词的尸体堆：
· **阻碍**
· **恶兆**：敌方位于短距离范围内时，士气检测遭受结果-1且恐慌检测失败时受到的伤害+1。",2021
41002,波顿基础卡组,严惩,"**任意轮次开始时：**
标记1个友方战斗单位并附加本卡至该单位直至游戏结束。该单位获得**恐慌**。
附加本卡期间，本单位的近战攻击永远投掷最高攻击骰数且获得**破甲**。每当本单位恐慌检测失败时，本单位遭受+1点伤害。",2021
41003,波顿基础卡组,吾刃尚锋,"**当1个友方单位执行1次近战攻击，在投掷攻击骰前：**
本次攻击获得**精准**。如果防御者拥有**恐慌**，本次攻击可以重投任意攻击骰。",2021
41004,波顿基础卡组,虐待狂的游戏,"**敌方轮次开始时：**
你对手选择1项 （在对方选择后，你再选择目标）：
· 标记至多2个敌方战斗单位。 这些单位获得**恐慌**。
· 标记1个交战的敌方。该敌方遭受2点命中，与该敌方交战的所有友方单位每剩1排则+1点命中。",2021
41005,波顿基础卡组,残忍方式,"**任意轮次开始时：**
标记1个敌方战斗单位。你可以从该单位处消耗1枚恐慌标记。如果这么做，选择2项：
· 该敌方获得**脆弱**。
· 该敌方获得**力竭**。
· 1个位于长距离范围内的友方步兵单位恢复2点伤害*（这可以选择多次）*。",2021
41006,波顿基础卡组,被剥皮的人没有秘密,"**当1个单位成为能力或战术卡的目标时：**
你可以从1个位于该单位长距离范围内的敌方处消耗1枚状态标记。如果这么做，取消该能力或战术卡的效果。",2021
41007,波顿基础卡组,心存畏惧才能生存,"**当1个敌方在1次恐慌检测中失败：**
标记位于该敌方长距离范围内的任意数量的友方单位。因本次恐慌检测造成的每点伤害，使这些单位恢复等量的伤害*（总数）*。",2021
41008,"拉姆斯·波顿, 恶毒的继承者",人皮收藏品,"**任意轮次开始时：**
附加本卡至1个友方步兵单位直至游戏结束。
附加期间，每当本单位摧毁敌方1排，放置1枚号令标记在本卡上。
本卡上每有1枚号令标记，则与本单位交战的敌方恐慌检测结果-1，至多-2。",2021
41009,"拉姆斯·波顿, 恶毒的继承者",机会主义者,"**当1个友方单位执行1次攻击， 在投掷攻击骰前：**
如果防御者在本回合中还未激活， 本次攻击可以重投任意攻击骰且获得**精准**或**凶残**。如果攻击者为拉姆斯·雪诺所在的单位，改为两种效果都获得。",2021
41010,"拉姆斯·波顿, 恶毒的继承者",人皮战利品,"**当1个友方单位完成 1次近战攻击后：**
如果本次攻击摧毁敌方1排， 位于攻击者短距离范围内的1个友方单位恢复1点伤害，且防御者每被摧毁1排则恢复+1点伤害。",2021
41011,"卢斯·波顿, 恐怖堡公爵",低吟的威胁,"**当1个敌方NCU激活时：**
如果该NCU在本轮次中宣称1个区域，在该区域效果结算后，标记1个敌方战斗单位。该单位获得**脆弱**。然后标记1个敌方战斗单位，使其获得**恐慌**。",2021
41012,"卢斯·波顿, 恐怖堡公爵",弱点可视,"**当1个敌方战斗单位完成1次行动时：**
该敌方获得**脆弱**和**恐慌**。
附加本卡至该敌方单位直至本回合结束。附加期间，当卢斯·波顿所在的单位攻击该敌方时，该敌方失去所有能力且无法成为其友方战术卡的目标。",2021
41013,"卢斯·波顿, 恐怖堡公爵",恐怖堡的秘密,"**当1个友方单位完成1次近战攻击，如果摧毁敌方1排：**
附加本卡至位于攻击者短距离范围内的1个友方步兵单位并持续到游戏结束。所有与该单位交战的敌方获得**恐慌**。
附加期间，每当位于短距离范围内的敌方单位激活时，该敌方获得**恐慌**。",2021
41014,"铁腿沃顿, 护卫队长",恐惧的代价,"**当1个敌方单位恐慌检测失败时：**
标记位于该敌方单位长距离范围内的1个友方战斗单位为目标。该单位可以执行1次布阵行动。",2021
41015,"铁腿沃顿, 护卫队长",侵略的冲动,"**当1个友方单位执行1次冲锋行动，在投掷冲锋距离骰前：**
本单位的冲锋距离骰投掷结果自动视为6，且近战攻击获得**致命一击**。
在本次攻击完成后，除非攻击者为沃顿所在的单位，否则该单位获得**脆弱**。",2021
41016,"铁腿沃顿, 护卫队长",嘲讽,"**当1个敌方战斗单位激活时：**
标记1个长距离范围内的友方单位。
本轮次中，如果该敌方可以攻击或冲锋本单位，且宣布对本单位执攻击或冲锋以外的任何行动，在执行该行动前，该敌方获得**脆弱**和**力竭**。",2021-S03
