Id,Translated Name,Attack 1,Attack 2,Requirement,Quote,Lore,Version
10101,蘭尼斯特衛士,軍用長劍,,,,,2021
10102,蘭尼斯特戟兵,軍用戰戟,,,,,2021-S02
10103,克里岡家族魔山的部下,掠奪者利刃,,,,,2021-S03
10104,火術士,野火,野火,,,,2021-S03
10105,凱岩城騎士,騎槍,,,,凱岩城騎士武器精良、盔甲精良，且訓練有素，為雄獅軍團提供了無與倫比的速度和殺傷力。很少有敵人可以承受這些重裝巨獸的衝鋒，同時能與之速度相匹配的敵人也更少。儘管他們可以在近戰中與堅實的步兵進行對抗，但很少有指揮官會讓他們長時間陷入肉搏戰的困境。,2021-S01
10106,蘭尼斯特弩兵,十字弩,護身短劍,,,,2021-S01
10107,"格雷果˙克里岡, 騎乘的魔山",劈裂斬擊,,,"*""如何指望與這樣的野獸戰鬥呢?""*",,2021
10108,戰士之子,受膏之劍,,,,,2021
10109,窮人集會,棍棒,,,,,2021-S01
10110,御林鐵衛,精工利刃,,*只能加入包含喬佛里˙拜拉席恩，喬佛里一世的軍隊中。你的軍隊中不能包含詹姆˙蘭尼斯特。喬佛里必須附屬在此單位中。*,,,S04
10111,紅袍武士,軍用長劍,,,,,2021-S01
10112,克里岡家族強盜,暴虐軍械,,,,,2021-S02
10113,蘭尼斯港城衛,軍用長矛,,,,,S04
10114,凱岩榮譽護衛,蘭尼斯特威壓,,,,,2021-S03
10115,金袍子,棍棒,,,,君臨城通常被認為是一個安全的居住地，因為不管在哪都能夠看到金袍子在大街小巷裡巡邏。他們隨時準備好來伸張正義。至於到底為何種正義，試想蘭尼斯特統治著君臨城，而金袍子效忠於鐵王座。說國王壞話的人，後果自負。,2021
10116,石鴉部落戰士,撿拾來的武器,,*只能加入包含提利昂˙蘭尼斯特的軍隊中。他可以不需要組軍花費附屬在此單位中。*,,,2021
10201,史塔克誓言劍士,凜冬猛噬,,,,,2021-S01
10202,史塔克邊境騎兵,邊境之刃,,,,,S04
10203,安柏家族狂戰士,狂戰士戰斧,,,,,S04
10204,灰風,尖牙利爪,,*只能加入包含羅柏˙史塔克的軍隊中。*,,,2021
10205,史塔克長弓兵,箭雨,護身短劍,,,,2021-S03
10206,徒利家族誓言盾牌軍,軍用長劍,,,,,2021
10207,夏天,尖牙利爪,,*只能加入包含布蘭˙史塔克的軍隊中。*,,,2021
10208,安柏家族大斧手,行刑者怒火,,,,,S04
10209,澤地人追蹤者,澤地之弓,追蹤者利刃,,,澤地人追蹤者向來都不是所謂的前線部隊。輕型裝備的追蹤者在正式的交戰中幾乎沒有勝算。儘管追蹤者缺乏直接的傷害手段，但他們透過速度和能力來擾亂和迷惑敵方的陣型補足了這點，同時他們還將速度與機動性透過致命的游擊戰術結合起來來避免正面交鋒。,2021-S03
10210,毛毛狗,野性撕咬,,角色:*只能加入包含瑞肯˙史塔克的軍隊中。*,,,2021-S03
10212,艾德的榮譽護衛,凜冬猛噬,,角色:*只能加入包含艾德˙史塔克，臨冬城公爵的軍隊中。艾德必須附屬在此單位中。*,,,2021-S03
10213,徒利家族重裝騎兵,騎槍,,,,,2021-S03
10214,莫爾蒙家族母熊,剛毅打擊,,,,,S04
10215,卡史塔克家族長矛兵,軍用長矛,,,,,S04
10216,莫爾蒙家族鬥士,釘頭槌與尖刺,,,,,S04
10217,卡史塔克家族忠誠軍,軍用鏈枷,,,,,S04
10218,澤地人沼澤惡魔,劇毒三叉戟,,,,,2021
10219,安柏家族破壞者,處刑者戰斧,,,,,2021
10301,野蠻巨人,狂怒揮擊,,,,,2021-S01
10302,自由民獵手,野人弓,粗製武器,,,,2021-S01
10303,自由民掠奪者,粗製武器,,適應性：*減少此單位1個附屬的1點招募分數。*,,,2021-S03
10304,矛婦,擲矛,長矛,,,,S04
10305,穴居野人,狂亂揮擊,,,,,2021-S02
10306,旺旺,暴拳亂擊,,,,,2021-S02
10307,駭骨追隨者,鋸齒武器,,,,,2021-S03
10308,瑟恩戰士,青銅武器,,,,瑟恩戰士是自由民中常規的重裝部隊。他們的青銅武器和盔甲都是由自己親手打造，而不是從守夜人偷來或是從戰場上搶奪來的。這些相對先進的北方人武器並無法與南方的精鋼兵器相抗衡，自由民的指揮官們必須牢記這一點。然而，瑟恩戰士在任何自由民的軍隊中都擅長堅守中間戰線的位置。,2021-S03
10309,冰封海岸冰犬戰車,絕死衝擊,,,,,2021-S02
10310,熊,野性撕咬,,*此模型僅適用於易形者締結技能。*,,,2021
10311,駭骨之王的精銳,鋸齒武器,,角色:*只能加入包含響骨衣的軍隊中。他必須附屬在此單位中。*,,,2021-S03
10312,猛瑪戰象,橫衝直撞,,限制:*你的軍隊至多只能包含2隊猛瑪戰象。*,,,2021-S01
10313,強壯的瑪格,酋長怒火,,,,,2021-S02
10314,強壯的瑪格,酋長怒火,,,,,2021
10315,冰封海岸白熊騎兵,擲矛,長矛與撕咬,,,,S04
10316,波羅區的野豬,頂傷與餵食,,*只能加入包含波羅區的軍隊中。*,,,S04
10317,"六形人瓦拉米爾, 異形者大師",兇猛撕咬,,,"*""我能飛到長城之上，用鷹眼查看。""*",,2021-S03
10318,"六形人瓦拉米爾, 異形者大師",兇猛撕咬,,,"*""我能飛到長城之上，用鷹眼查看。""*",,S04
10319,影子山貓,爪擊,,*只能加入包含六形人瓦拉米爾的軍隊中。*,,,2021
10320,狼群,圍獵戰術,,*只能加入包含六形人瓦拉米爾的軍隊中。*,,,2021
10321,冰封海岸獵人,魚叉,魚叉,,,海象氏族擅長在絕境長城外遙遠的北方荒原中狩獵。現在，他們帶著自己的專業技能與自由民們一起向南尋找更加溫暖的氣候和更翠綠的牧場。他們沉重的魚叉非常適合刺穿兇猛的野獸和敵方士兵。他們掌握獵物的知識促使他們能夠靈活的維持戰線，並在不斷的佈陣中從意想不到的角度攻擊敵人的陣型。,S04
10322,巨人擲矛手,巨人之矛,巨人之矛,,,,S04
10401,波頓家族割喉者,無情肆虐,,,,雖然只有簡單的護甲和輕型裝備，但波頓割喉者沉浸在殘暴與冷酷的惡名當中，使他們即便不使用更為精良的武器也可以有效的對敵人造成恐慌。他們的尖刺狼牙棒能夠輕而易舉的消滅敵人，但更重要的是透過他們的殘暴帶給敵人更多的恐懼。波頓割喉者會玩弄倒下的敵人，或者對敵人來說更糟糕的是，把他們囚禁起來承受更多更痛苦的命運。,2021-S01
10402,波頓家族野種母犬,追獵者之弓,尖牙與利刃,,,訓練有素的野種母犬善於追獵，最適合作為側翼或是追擊逃跑的敵人，甚至連重裝步兵都可以擊敗。雖然他們沒有可以承受重擊的護甲，但遭受馴犬師箭傷的敵人卻很容易成為他們的獵物。他們期待的是在捕獵到敵方指揮官後，拉姆斯˙波頓開始他戰後娛樂的那筆豐厚報酬。,2021
10403,波頓家族剝皮鐵騎,戰爭鏈枷,,,,"在五王之戰中，波頓的剝皮鐵騎是最強大的重裝騎兵之一，即便是
 最大的家族也會僱用他們參加作戰。擁有厚重的鋼甲(當然是黑色的)、堅實的盾牌，甚至為戰馬提供防禦的馬鎧，剝皮鐵騎能夠短時間內在戰場上發起毀滅性的衝鋒。他們標誌性的戰爭鏈枷使得大多數的防禦變得微不足道，但他們的駭人面貌才是他們最重要的武器。",2021-S02
10404,波頓家族黑衛隊,尖刺鏈枷,,,,波頓家族黑衛隊的冷酷無情是每個與他們對峙過的敵人都知道的事。他們兇殘的尖刺鏈枷使得重型的盾牌也不太起作用。作為波頓家族軍隊戰力中最強大的重裝步兵部隊，黑衛隊十分可靠，可以在戰場上佔據並堅守住任何崗位。,2021
10405,血戲班先鋒,血戲班利刃,,,,,S04
10406,暴鴉團傭兵,軍用長劍,,適應性：*減少此單位1個附屬的1點招募分數。*,,,S04
10407,暴鴉團弓箭手,傭兵長弓,護身短劍,,,,S04
10408,血戲班斑馬騎兵,雜亂軍械,,,,,2021-S03
10409,暴鴉團劍舞者,快速打擊,,,,,S04
10410,僱佣騎士,騎士利刃,,,,,2021
10411,黃金團劍兵,精工長劍,,,,,S04
10412,黃金團弩手,十字弩,護身短劍,,,,2021-S02
10413,黃金團戰象,重踏,,*依據你軍隊中每個黃金團步兵單位僅能組建1隊戰象。*,,,2021-S03
10414,里斯僱傭兵,海賊利刃,,,,里斯的島嶼要塞擁有高聳厚實的城牆以及大量的僱傭兵在海岸巡邏，使其成為一個不具吸引力的攻擊目標。然而，終究是僱傭兵，他們為任何擁有足夠財力在海外僱用他們的人提供服務。對個人榮譽不感一絲興趣，他們只專注於掠奪以及返回母港時等待著他們的豐厚報酬。,S04
10415,石鴉部落戰士,撿拾來的武器,,,,,2021
10501,守夜人老兵,雙手持械,,,,,2021-S03
10502,誓言兄弟,雙手巨劍,,,,,2021
10503,游騎兵追蹤者,反曲弓,護身短劍,,,,2021-S03
10504,白靈,尖牙利爪,,*只能加入有瓊恩•雪諾的軍隊裡。*,,,2021
10505,游騎兵獵人,獵人弓,快速打擊,,,,2021-S03
10506,工匠蠍弩隊,弩箭投射器,武器組員,限制：*你的軍隊至多只能包含2隊工匠弩炮組員。*,,守夜人的工匠以他們的聰明才智而聞名，且沒有人比工匠蠍弩隊更能體現這一點。只需要一蠍特殊的構件和足夠的木材，隊員們就能夠建造出一個能夠遠程投射螺旋弩箭且擁有驚人準確率的機動蠍子弩砲。整個隊伍可以被一發砲彈擊倒。然而，蠍子弩砲本身需要重新定位，且移動速度非常緩慢。,S04
10507,工匠投石器,投石,武器組員,限制：*你的軍隊至多只能包含2隊工匠投石器。*,,,S04
10508,工匠弩手,十字弩,護身短劍,,,"雖然長城及其防禦工事是工匠們的主要職責，他們同時也為整個守夜人軍團提供武器和盔甲。
 因此，他們在戰場上的角色定位並非傳統意義上的前線戰鬥人員。但在面對敵人時，每個人都會希望手邊有武器。十字弩相較於其他武器需要更多的維護和保養，工匠們自然成為二線火力支援的常規選擇。",2021-S01
10509,徵召兵,簡易武器,,,,,2021-S01
10510,守夜人統領,軍用長劍,,限制：*你的軍隊至多只能包含2隊守夜人統領。*,,,S04
10511,"冷手, 神秘的盟友",軍用長劍,,角色:*不能加入有班揚•史塔克的軍隊裡。*,,,S04
10512,游騎兵先鋒,軍用長劍,,,,,2021-S02
10513,影子塔長矛兵,軍用長矛,,,,,2021-S03
10601,雄鹿騎士,雄鹿怒火,,,,,2021-S03
10602,拜拉席恩守望者,戰鎚,,,,,2021
10603,拜拉席恩哨兵,雙戰鎚,,,,,2021-S03
10604,薔薇騎士,軍用長劍,,"效忠：**藍禮•拜拉席恩**
*你的軍隊不能加入不同效忠對象的單位或附屬。*",,,2021-S03
10605,拉赫洛信徒,信仰之劍,,"效忠：**史坦尼斯•拜拉席恩**
*你的軍隊不能加入不同效忠對象的單位或附屬。*",,,S04
10606,雄鹿冠軍騎兵,冠軍之怒,,,,秉承拜拉席恩一貫的重裝武器及重甲的信條，雄鹿冠軍騎兵是身披板甲，騎乘於高大戰馬上的重裝騎士。這些重裝巨獸同時兼具騎兵的機動性以及前線部隊的持久力。明智的指揮官最好保持他們的機動性，用來對抗他們選擇的目標，但如果需要的話，冠軍騎兵也可以比其他騎兵單位更持久的堅守他們的戰線。,2021-S02
10607,龍石島貴族,精工戰錘,,"效忠：**史坦尼斯•拜拉席恩**
*你的軍隊不能加入不同效忠對象的單位或附屬。你的軍隊至多只能包含2隊龍石島貴族。*",,,S04
10608,王黨騎士,王者之劍,,"效忠：**史坦尼斯•拜拉席恩**
*你的軍隊不能加入不同效忠對象的單位或附屬。*",,,S04
10609,拉赫洛后黨騎士,軍用長劍,,"效忠：**史坦尼斯•拜拉席恩**
*你的軍隊不能加入不同效忠對象的單位或附屬。*",,,S04
10610,拉赫洛光明使者,火焰箭矢,護身匕首,"效忠：**史坦尼斯•拜拉席恩**
*你的軍隊不能加入不同效忠對象的單位或附屬。*",,,2021-S01
10611,荊棘守衛,守衛十字弓,軍用長劍,"效忠：**藍禮•拜拉席恩**
*你的軍隊不能加入不同效忠對象的單位或附屬。*",,,2021-S03
10612,高庭槍騎兵,騎槍,,"效忠：**藍禮•拜拉席恩**
*你的軍隊不能加入不同效忠對象的單位或附屬。*",,,2021-S01
10613,高庭長槍兵,軍用長矛,,"效忠：**藍禮•拜拉席恩**
*你的軍隊不能加入不同效忠對象的單位或附屬。*",,,2021-S03
10614,彩虹護衛,精工利刃,,角色:*只能部署包含'藍禮•拜拉席恩，南境之王'的軍隊，藍禮必須附屬本單位。你的軍隊不可以包含洛拉斯•提利爾。你的軍隊不可以包含布蕾妮。*,,藍禮•拜拉席恩國王的彩虹護衛是由各個與眾不同的最強大騎士組成的，他們聲稱最年輕的拜拉席恩是他們的領主與國王。當他們一起抵達戰場時，他們組成了藍禮隊伍中最為致命的核心，能夠守住戰線或包含側翼易受攻擊的單位。而更為重要的是，他們象徵着藍禮國王計劃在他的旗幟下能團結到維斯特洛大陸裡一切的希望與信念。,S04
10615,拜拉席恩戟兵,軍用戰戟,,,,,2021
10701,多斯拉克嘯吼武士,嘯吼者的亞拉克彎刀,,,,作為斥侯，多斯拉克先鋒騎手在他們家鄉的土地上鮮少有敵手，但一旦發生戰鬥，他們真正的威脅也就隨之體現：來自馬背上的遠程火力。正如同典型的弓箭手總是困擾著行動緩慢的部隊，多斯拉克人有著能夠從遠距離發起攻擊，接著在馬背上轉進如風的強大能力，唯有快速的騎兵或弓箭手單位能夠與之抗衡。即便如此，先鋒騎手仍應該注意保持自身的機動性。,2021-S03
10702,多斯拉克先鋒騎手,先鋒之弓,先鋒利刃,,,作為斥侯，多斯拉克先鋒騎手在他們家鄉的土地上鮮少有敵手，但一旦發生戰鬥，他們真正的威脅也就隨之體現：來自馬背上的遠程火力。正如同典型的弓箭手總是困擾著行動緩慢的部隊，多斯拉克人有著能夠從遠距離發起攻擊，接著在馬背上轉進如風的強大能力，唯有快速的騎兵或弓箭手單位能夠與之抗衡。即便如此，先鋒騎手仍應該注意保持自身的機動性。,2021-S03
10703,多斯拉克老兵,短弓,亞拉克彎刀,,,卓越的多斯拉克騎術在多斯拉克老兵身上達到了頂峰。刀弓嫻熟的老兵在發起野蠻的衝鋒前會先用致命的箭矢削弱獵物的力量，接著用鋒利的亞拉克彎刀朝敵人左右開弓。即便多斯拉克人已經擁有精湛的騎術，老兵們卻將這個技能提升到難以想像的高度，即使是在最激烈的混戰中，騎手和坐騎也都能夠精確的移動。,S04
10704,"喬拉˙莫爾蒙, 流浪騎士",軍用長劍,,,"*""鬼魂，隨處可見。不論走到哪裡，他們都不離不棄。""*",無論人們如何看待喬拉˙莫爾蒙爵士的個人經歷或曲折過去，他的武藝都為他贏得了多斯拉克人的尊敬，而這絕非易事。作為一名參加過多場戰役的老兵以及戰後的傭兵，他專業的眼光可以快速找出敵方隊伍中的弱點，讓附近的部隊利用。喬拉爵士更傾向於在戰鬥中保持騎乘狀態，而他精湛的馬術也超越了許多西方的戰士。,2021-S03
10705,無垢者劍兵菁英,無垢者戰技,,,,只有三分之一的無垢者能夠在殘酷的訓練過程中存活下來。這支可怕的閹人軍團以他們卓越的單兵戰技和不可動搖的堅定紀律聞名於世。雖然無垢者個人的體能不能夠與西方士兵匹敵，但他們感受不到疼痛，擅長在出奇不意地打擊敵人。任何低估無垢者矮小體格和怪異行為的作法無疑是條通往墳墓的捷徑。,2021-S01
10706,無垢者長槍兵,長槍方陣,,,,雖然無垢者槍兵依照西方的標準是穿著輕裝盔甲，但他們依照古吉斯帝國的教義，步調一致的列隊作戰。無垢者的長槍方陣被盾牌環環緊扣，在騎兵的衝鋒下幾乎是堅不可摧的，即便是更加靈活的步兵也很難以穿越這長槍構成的鐵壁。雖然想要出奇不易地襲擊這個單位是困難的，但指揮官更應該提防被他們給包圍。,2021
10707,卓耿,黯黑龍焰,,*只能加入有丹妮莉絲•坦格利安的軍隊中。*,,"卓耿是以丹妮莉絲˙坦格利安已故的丈夫卓戈卡奧命名的。牠的鱗片是純黑色的，長有血紅色的角和脊冠。牠的眼睛被描述成""燃燒的紅色凹坑""。雖然還沒有完全長大，卓耿的體型的體型(尤其是牠的性格)依然使牠成為這世上最危險的生物之一。擁有無可匹敵的移動力和烈焰吐息，卓耿可以在戰場上的任何地方殺死任何牠想殺死的生物。",2021-S02
10708,韋賽里昂,金黃龍焰,,*只能加入有丹妮莉絲•坦格利安的軍隊中。*,,"韋賽里昂是以丹妮莉絲˙坦格利安的兄長韋賽里斯命名的。牠時常被稱作白龍，但牠是奶油色的，有著金色的角和脊冠。牠的尖牙和利爪是閃亮的黑色，眼睛則是""熔金的水池""。雖然還沒有完全長大，但牠的體型依然使牠成為這世上最危險的生物之一。擁有無可匹敵的移動力和烈焰吐息，韋賽里昂可以在戰場上的任何地方殺死任何牠想殺死的生物。",2021-S02
10709,雷哥,碧綠龍焰,,*只能加入有丹妮莉絲•坦格利安的軍隊中。*,,"雷哥是以丹妮莉絲˙坦格利安的兄長雷加命名的。牠是一頭有著碧綠和青銅色的鱗片、漆黑的尖牙和利爪的龍，""牠的眼睛燃燒著熾熱的溫度，比打磨光滑的盾牌還要明亮""。雖然還沒有完全長大，但牠的體型依然使牠成為這世上最危險的生物之一。擁有無可匹敵的移動力和烈焰吐息，雷哥可以在戰場上的任何地方殺死任何牠想殺死的生物。",2021-S02
10710,多斯拉克赫拉卡,利爪與刀刃,,限制:*你的軍隊至多只能包含2隊多斯拉克赫拉卡。*,,只有最強大的卡拉薩才有辦法馴服多斯拉克海裡的大白獅。這些強大的野獸甚至可以與大名鼎鼎的史塔克冰原狼相媲美，而戰場上的赫拉卡同樣令人望而生畏。面對快速、致命，以及隱蔽的多斯拉克人，部隊們必須提防潛伏在暗處的赫拉卡從意想不到的地方突然襲擊。,S04
10711,暴鴉團劍舞者,快速打擊,,,,,S04
10712,暴鴉團弓箭手,傭兵長弓,護身短劍,,,,S04
10713,暴鴉團傭兵,傭兵長劍,,適應性：*減少此單位1個附屬的1點招募分數。*,,,S04
10714,解放民,臨湊武器,,,,當丹妮莉絲˙坦格利安橫掃厄索斯大陸時，她解放了成千上萬的奴隸。雖然她並沒有專門尋找戰鬥的部隊，但她的隊伍現已不缺乏兵力，被解放的奴隸和婦女們蒐集簡陋的刀具、叉子、鐮刀或粗製棍棒效忠於她。被解放的人們為數眾多，但缺乏訓練與紀律。他們能夠補充兵源，但別指望他們能夠守住戰線。,S04
10715,卓戈的血盟衛,亞拉克彎刀,,*只能加入有卓戈 卡奧的軍隊裡。他必須附屬在此單位中。*,,厄索斯大陸上的多斯拉克血盟位將鮮血與生命奉獻給他們的卡奧，成為他們忠誠的夥伴、貼身護衛和左膀右臂。血盟位的誓言是牢不可破的，他們誓死效忠自己的卡奧。柯霍羅、哈戈和柯索各個都是效忠於卓戈卡奧的獨立領袖，在戰場上與卡奧並肩作戰，他們是武藝精湛、戰力超群的戰士，能夠輕鬆地以一敵十。,S04
10716,獸面軍,雜亂軍械,,,,由丹妮莉絲•坦格利安建立的獸面軍，在偉大的奴隸城邦之一彌林的街道上巡邏。他們的名字來自於他們所配戴透過模具製成的大型貓科動物、猛禽，以及熊形象的青銅面具。他們的建構減輕了經常在巡邏時成為暗殺目標的無垢者的負擔。野獸們無所畏懼，他們在狹窄的巷道間衝向敵人，在近距離戰鬥中將其斬殺。,2021-S03
10717,奴隸鬥士,鬥士的武裝,,,,角鬥競技是最受歡迎，(同時也是最危險)的娛樂項目之一。由於這些被奴役的鬥士需要參加各種形式的戰鬥，即便他們缺乏正規的訓練和僅有雜亂劣質的武器，他們仍然必須做好完全的準備。在被丹妮莉絲解放後，他們宣誓效忠於她。即便他們缺少在正面戰場上的戰鬥經驗，敵方的指揮官最好還是不要低估這些非正規的戰士們。,2021
10801,鐵種劫掠者,劫掠戰斧,,,,在七國的海岸線上，惡名昭彰的鐵種掠奪者作為掠奪者和海盜而聞名。掠奪者們駕駛著讓在地平線上的人們看到都會心生恐懼的標誌性長船。儘管作為水手，鐵種們在船上也會身著輕型鱗甲。他們作為快速打擊部隊，而非訓練來對抗猛烈的突襲。指揮官們最好還是讓他們遠離前線。,2021-S03
10802,鐵種弓箭手,鐵種箭矢,護身短劍,,,由於是海上民族，鐵種並不懼怕溺水，他們的輕型鱗甲在不失機動性的情況下也提供了良好的保護。鐵種的弓箭手通常選自於掠奪者的部隊中，使得他們的近戰表現比其他的弓箭手更為優秀。即便如此，弓箭手們並不是近戰部隊，也應該保護他們避免被直接攻擊。,2021-S03
10803,哈爾洛家族收割者,月牙砍刀,,,,雖然鐮刀在戰爭中通常不是什麼有效的兵器，但惡名昭彰的哈爾洛家族收割者設計了一種長刃的重型月牙砍刀，也讓人想起它們駭人的家徽。收割者本身是一支以殘暴聞名的輕裝部隊。當敵人的士氣被徹底擊潰時，盔甲又有何用呢? 當論及在戰場上散佈恐懼時，無人能出其左右。,S04
10804,艾枚克鐵甲軍,戰鬥巨鎚,,,,"當需要一支專門的部隊時，來自艾枚克家族的重裝部隊時常成為鐵種戰線的絕對核心。他們厚重的熟皮甲上披覆著重型鎧甲，艾枚克家族的戰士們比其他鐵群島的戰士更能夠抵禦攻擊。即便如此，作為""重裝部隊""，直至獲得劫掠來的戰利品之前，艾枚克家族的鐵甲軍相當於標準的中型步兵部隊。",2021-S03
10805,鐵種捕獵者,倒鉤長矛,,,,燒殺擄掠是鐵種們在五王之戰當中最主要的動機。如他們所願，讓家族們為爭奪鐵王座而戰吧!鐵種有海岸線要掠奪、有財寶要搜刮、有人民要奴役。鐵種捕獵者擅長使用他們帶刺的長矛和纏繞的漁網來妨礙敵軍的戰士。即便裝備簡陋、武器粗造，捕獵者善用了他們的狡詰和非正規的工具弭補了這些缺點。,S04
10806,黑潮島精銳戰士,精工戰斧,,,,在眾多葛雷喬伊家族派去掠襲海岸線的戰士當中，最令人畏懼的是布萊克泰斯家族的黑潮精銳。當這些精銳戰士抵達海岸時會迅速的組成隊伍然後清除任何阻擋在他們前方的防禦工事和防禦單位。精銳戰士們身著鱗甲，手持精製鍛造的戰斧，揮舞著巨大的圓盾，他們是海怪旗下最強大的戰鬥部隊之一。,S04
10807,寂靜者,破甲大斧,,,,這些在海怪治下的人早已知曉襲擊和恐怖的形影不離。因此葛雷喬伊家族寂靜號戰艦上的船員全都是由啞巴組成。戰爭不是什麼大不了的事，但寂靜號的船員給戰場上添加了一股不尋常的沉寂。即便死亡，他們也沒有發出任何聲音。即使是紀律嚴明的部隊 也對這樣的人感到不安。儘管僅身著輕甲，他們打磨過的戰斧也能夠輕易地劈開厚重的板甲。,S04
10808,淹神信眾,棍棒,,,,淹神信眾僅以信仰為甲、海岸邊的枯木棍棒和廢棄物為武器，為海怪的追隨著們提供了出乎意料的有效支持。他們在戰場上象徵著淹神的祝福，支持著戰士們克服傷痛，更為奮力的去擊打敵人。即便他們為數不多，但淹神信眾的信仰使他們在承受致命打擊後依然能夠存活。,S04
10809,磐石海岸劫掠者,槍矛魚叉,,,,,2021
10901,馬泰爾長矛兵,軍用長矛,,,,在五王之戰中，一些大家族依靠重型護甲，而馬泰爾家族則依靠機動性和相互支持的原則。馬泰爾長矛隊的沙漠長袍外包裹著輕型護甲，這樣可以更好地在惡劣的環境中保持乾爽，同時保持高度的機動性。他們標誌性的長矛阻止了敵人的衝鋒，他們的訓練使他們能夠快速形成馬泰爾戰線的防禦壁壘。,2021
10902,砂地先鋒,先鋒之弓,先鋒利刃,,,馬泰爾家族的砂之先鋒把高機動性變成了刀鋒與箭雨的致命舞蹈。他們的輕甲使其擁有超凡的速度，可以與最快速的敵人匹敵，訓練讓他們擁有了致命的近戰技巧以及快速射出箭雨。如果在肉搏戰中被鎖定，散兵可以像任何輕裝部隊一樣獨立作戰，但明智的指揮官定會儘快派出增援部對。,2021
10903,陽戟城劍舞者,劍舞者利刃,,,,陽戟城劍舞者將馬泰爾家族的高機動性昇華成一門藝術。他們的訓練使他們能夠快速參與猛烈的攻擊，以及快速脫戰，以便為下一次的迅速攻擊選擇更合適的目標作準備。被這種戰術圍困的敵人往往被旋轉的刀刃、旋轉的舞動而驚慌失措，以至於他們會措手不及進行反擊。雖然劍舞者可以在肉搏戰中堅持一段時間，但他們最好還是保持機動的狀態。,2021
10904,陽戟城皇家衛隊,皇家長矛,,,,馬泰爾家族著名的陽戟城皇家衛隊雖然數量不多，但在整個維斯特洛大陸都是訓練有素的部隊之一。他們泛用性的風格同時適合進攻和防禦，雖然他們的護甲比大多數馬泰爾家族都厚重，但他們的身體素質卻能讓他們跟上節奏。作為馬泰爾尖兵中強大核心，皇家衛隊在馬泰爾部隊中沒有對手。,2021
10905,沙丘毒蛇,矛與網,,,,多恩的土地看似片一望無際的沙丘之海。但沙丘毒蛇將這片土地稱為家園，並且知道每一粒沙子的位置。憑藉著對地形的熟悉，他們十分擅長游擊戰，用網與長矛騷擾敵人，在進行最後一擊前誘捕敵人。與友軍搭配能夠發揮沙丘毒蛇的最佳戰力，必要時，他們也能夠獨自作戰。,2021
10906,星墜城先鋒騎兵,彎刀,,,,戴恩家族是多恩最強大的封臣家族，他們的家堡坐落於星墜城。他們以馬術聞名，為馬泰爾家族提供了數支騎兵部隊。星墜城先鋒騎兵是他們的輕裝騎兵部隊。他們專注於執行打帶跑戰術，並在該地區為友軍單位提供援助。在沙漠的陽光下，他們的紫色長袍是馬泰爾家族盟友樂見的標誌。,2021
10907,星墜城騎士,星墜騎槍,,,,在裝備和訓練軍隊時，氣候是一個重要的因素。多恩氣候炎熱，馬泰爾家族的封臣，戴恩家族的星墜城騎士的裝甲比大多數的重裝騎兵還要來得輕。然而，在缺少裝甲的情況下，他們的速度和機動性彌補了這一點，使得他們能夠從意想不到的方向打擊對手，在衝鋒時使用他們的騎槍造成毀滅性的效果。,2021
10908,暗黑之星隨從,彎刀,,,,,2021
11001,割喉者,無情肆虐,,,,雖然只有簡單的護甲和輕型裝備，但波頓割喉者沉浸在殘暴與冷酷的惡名當中，使他們即便不使用更為精良的武器也可以有效的對敵人造成恐慌。他們的尖刺狼牙棒能夠輕而易舉的消滅敵人，但更重要的是透過他們的殘暴帶給敵人更多的恐懼。波頓割喉者會玩弄倒下的敵人，或者對敵人來說更糟糕的是，把他們囚禁起來承受更多更痛苦的命運。,2021-S01
11002,黑衛隊,尖刺鏈枷,,,,波頓家族黑衛隊的冷酷無情是每個與他們對峙過的敵人都知道的事。他們兇殘的尖刺鏈枷使得重型的盾牌也不太起作用。作為波頓家族軍隊戰力中最強大的重裝步兵部隊，黑衛隊十分可靠，可以在戰場上佔據並堅守住任何崗位。,2021
11003,恐怖堡弓箭手,無情齊射,短劍,,,當談論到那些以最大限度製造恐慌及破壞的駭人戰爭手段時，只需要看看波頓家族就知道了。他們的恐怖堡射手會興奮的瞄準他們的敵人並射出野蠻的箭雨，全然不顧正在與敵人交戰的戰友。當然，一些友軍可能會受傷，但波頓家族骨子裡對於生命的漠視可不僅針對他們的對手。,2021
11004,野種母犬,追獵者之弓,尖牙與利刃,,,訓練有素的野種母犬善於追獵，最適合作為側翼或是追擊逃跑的敵人，甚至連重裝步兵都可以擊敗。雖然他們沒有可以承受重擊的護甲，但遭受馴犬師箭傷的敵人卻很容易成為他們的獵物。他們期待的是在捕獵到敵方指揮官後，拉姆斯˙波頓開始他戰後娛樂的那筆豐厚報酬。,2021
11005,剝皮鐵騎,戰爭鏈枷,,,,"在五王之戰中，波頓的剝皮鐵騎是最強大的重裝騎兵之一，即便是
 最大的家族也會僱用他們參加作戰。擁有厚重的鋼甲(當然是黑色的)、堅實的盾牌，甚至為戰馬提供防禦的馬鎧，剝皮鐵騎能夠短時間內在戰場上發起毀滅性的衝鋒。標誌性的戰爭鏈枷使得大多數的防禦變得微不足道，但他們的駭人面貌才是他們最重要的武器。",2021-S02
11006,恐怖堡長矛兵,穿刺長矛,,,,波頓家族的長矛兵被訓練了在戰場上給敵方部隊製造慌亂與恐懼的作戰觀念。他們的頭盔和盾牌上面有著許多額外的尖刺純粹是為了威嚇的效果。長矛兵經過訓練，可以在攻擊敵人的時候給對手造成最大程度的痛苦，同時卻又不殺死對方，以便留下大量的戰俘讓波頓家族的施虐狂們可以在戰後盡情狂歡。,2021
